departmentId,sourceDepartment,campus,day,period,term,gradeYear,className,title,teacher,lectureCode,room,target,remarks,requiredFlag,sourcePage,sourceFile,normalizedTitle,matchedCourseId,matchedCourseTitle,matchedCourseType,matchedCategory,matchedGroup,matchStatus,matchConfidence
chino_joho,知能,世田谷,月,1,前期前,1,,物理学(1),津村 耕司,saa321105,1BD,対象[26-18],"対開講(月1,木1)",,35,2026世田谷キャンパス前期.pdf,物理学(1),IT-121,物理学(1),elective-required,専門分野,情報工学基盤科目,exact,1.0
chino_joho,知能,世田谷,月,1,前期前,1,国際,物理学(1),砂畑 浩樹,saa311105,1BN,対象[26-18],"対開講(月1,木1)",,35,2026世田谷キャンパス前期.pdf,物理学(1),IT-121,物理学(1),elective-required,専門分野,情報工学基盤科目,exact,1.0
chino_joho,知能,世田谷,月,1,前期前,2,国際,プログラミング応用,木村 貴幸,saa321104,共用演習室,対象[25-24],"対開講(月1,木1) ○",○,35,2026世田谷キャンパス前期.pdf,プログラミング応用,IS-214,プログラミング応用,elective,専門分野,専門科目,exact,1.0
chino_joho,知能,世田谷,月,1,前期前,2,国際,再・オブジェクト指向プ 木村 ログラミング(a),貴幸,saa321110,1BE,対象[23-21] ○,,○,35,2026世田谷キャンパス前期.pdf,オブジェクト指向プ木村ログラミング(a),,,,,,unmatched,0
chino_joho,知能,世田谷,月,1,前期前,2,国際,再・オブジェクト指向プ 木村 ログラミング,貴幸,saa321106,1BE,対象[20-18],"対開講(月1,木1) ○",○,35,2026世田谷キャンパス前期.pdf,オブジェクト指向プ木村ログラミング,,,,,,unmatched,0
chino_joho,知能,世田谷,月,1,前期前,3,国際,ヒューマン・コンピュー 森 タ・インタラクション,博彦,saa321103,22A,対象[24-19],"対開講(月1,月2)",,35,2026世田谷キャンパス前期.pdf,ヒューマン・コンピュー森タ・インタラクション,,,,,,unmatched,0
chino_joho,知能,世田谷,月,1,前期前,3,国際,再・ヒューマン･インタ 森 フェース,博彦,saa321103,22A,対象[18-15],"対開講(月1,月2)",,35,2026世田谷キャンパス前期.pdf,ヒューマン・インタ森フェース,,,,,,unmatched,0
chino_joho,知能,世田谷,月,1,前期後,1,国際,化学(1),堀越 篤史,sab311107,31A,対象[26-18],"対開講(月1,木1)",,35,2026世田谷キャンパス前期.pdf,化学(1),IT-125,化学(1),elective-required,専門分野,情報工学基盤科目,exact,1.0
chino_joho,知能,世田谷,月,1,前期後,3,国際,ネットワークセキュリ ティと管理,塩本 公平,sab321109,共用演習室,対象[24-20],"対開講(月1,木1)",,35,2026世田谷キャンパス前期.pdf,ネットワークセキュリティと管理,IS-365,ネットワークセキュリティと管理,elective,専門分野,専門科目,exact,1.0
chino_joho,知能,世田谷,月,2,前期前,1,国際,物理学(1)演習,津村 耕司,saa321208,1BD,対象[26-18],"対開講(月2,木2)",,35,2026世田谷キャンパス前期.pdf,物理学(1)演習,IT-122,物理学(1)演習,elective,専門分野,情報工学基盤科目,exact,1.0
chino_joho,知能,世田谷,月,2,前期前,2,国際,情報理論,新家 稔央,saa311202,22C,対象[25-18],"対開講(月2,木2)",,35,2026世田谷キャンパス前期.pdf,情報理論,IS-216,情報理論,required,専門分野,専門科目,exact,1.0
chino_joho,知能,世田谷,月,2,前期前,2,国際,微分方程式論,中井 洋史,saa141202,1BB,対象[25-18],"対開講(月2,木4)",,35,2026世田谷キャンパス前期.pdf,微分方程式論,IT-311,微分方程式論,elective-required,専門分野,情報工学基盤科目,exact,1.0
chino_joho,知能,世田谷,月,2,前期前,2,国際,古典制御理論,大屋 英稔,saa311206,22B,対象[20-18],"対開講(月2,木2)",,35,2026世田谷キャンパス前期.pdf,古典制御理論,,,,,,unmatched,0
chino_joho,知能,世田谷,月,2,前期前,2,国際,知能情報数学入門,ニーナ スヴィリド ヴァ,saa321209,12M,対象[25-24],"対開講(月2,木2)",,35,2026世田谷キャンパス前期.pdf,知能情報数学入門,IS-215,知能情報数学入門,required,専門分野,専門科目,exact,1.0
chino_joho,知能,世田谷,月,2,前期前,2,国際,再・データサイエンス基 ニーナ 礎,スヴィリド ヴァ,saa321209,12M,対象[23-18],"対開講(月2,木2)",,35,2026世田谷キャンパス前期.pdf,データサイエンス基ニーナ礎,,,,,,unmatched,0
chino_joho,知能,世田谷,月,2,前期前,3,国際,ヒューマン・コンピュー 森 タ・インタラクション,博彦,saa321103,22A,対象[24-19],"対開講(月1,月2)",,35,2026世田谷キャンパス前期.pdf,ヒューマン・コンピュー森タ・インタラクション,,,,,,unmatched,0
chino_joho,知能,世田谷,月,2,前期前,3,国際,再・ヒューマン･インタ 森 フェース,博彦,saa321103,22A,対象[18-15],"対開講(月1,月2)",,35,2026世田谷キャンパス前期.pdf,ヒューマン・インタ森フェース,,,,,,unmatched,0
chino_joho,知能,世田谷,月,2,前期後,2,国際,人間工学,岡 誠,sab321203,12P,対象[25-18],"対開講(月2,木2)",,35,2026世田谷キャンパス前期.pdf,人間工学,IS-351,人間工学,elective,専門分野,専門科目,exact,1.0
chino_joho,知能,世田谷,月,2,前期後,3,国際,知能情報数学発展,木村 貴幸,sab321202,共用演習室,対象[24-24],"対開講(月2,木2)",,35,2026世田谷キャンパス前期.pdf,知能情報数学発展,IS-315,知能情報数学発展,elective,専門分野,専門科目,exact,1.0
chino_joho,知能,世田谷,月,3,前期前,1,国際,コンピュータ概論,桂 卓成,saa321301,共用演習室,対象[26-18],"対開講(月3,木3)",,35,2026世田谷キャンパス前期.pdf,コンピュータ概論,IT-132,コンピュータ概論,required,専門分野,情報工学基盤科目,exact,1.0
chino_joho,知能,世田谷,月,3,前期後,1,国際,基礎確率統計,ニーナ スヴィリド ヴァ,sab321303,31B,対象[26-15],"対開講(月3,木3)",,35,2026世田谷キャンパス前期.pdf,基礎確率統計,IT-115,基礎確率統計,required,専門分野,情報工学基盤科目,exact,1.0
chino_joho,知能,世田谷,月,3,前期後,2,国際,データサイエンス・コン 塩本 ピューティング基礎,公平,sbb321403,共用演習室,対象[25-24],"対開講(月3,木3)",,35,2026世田谷キャンパス前期.pdf,データサイエンス・コン塩本ピューティング基礎,,,,,,unmatched,0
chino_joho,知能,世田谷,月,3,前期後,2,国際,再・クラウドコンピュー 塩本 ティング,公平,sbb321403,共用演習室,対象[23-19],"対開講(月3,木3)",,35,2026世田谷キャンパス前期.pdf,クラウドコンピュー塩本ティング,,,,,,unmatched,0
chino_joho,知能,世田谷,月,4,前期前,1,国際,プログラミング入門,岡 誠,saa321401,共用演習室,対象[26-24],"対開講(月4,木4)",,35,2026世田谷キャンパス前期.pdf,プログラミング入門,IS-112,プログラミング入門,required,専門分野,専門科目,exact,1.0
chino_joho,知能,世田谷,月,4,前期前,1,国際,再・プログラミング,岡 誠,saa321401,共用演習室,対象[23-15],"対開講(月4,木4)",,35,2026世田谷キャンパス前期.pdf,プログラミング,IS-112,プログラミング入門,required,専門分野,専門科目,fuzzy,0.875
chino_joho,知能,世田谷,月,4,前期後,1,国際,プログラミング基礎,岡 誠,sab321402,12P,対象[26-24],"対開講(月4,木4)",,35,2026世田谷キャンパス前期.pdf,プログラミング基礎,IS-113,プログラミング基礎,required,専門分野,専門科目,exact,1.0
chino_joho,知能,世田谷,月,4,前期後,1,国際,再・プログラミング演習 岡,誠,sab321402,12P,対象[23-18],"対開講(月4,木4)",,35,2026世田谷キャンパス前期.pdf,プログラミング演習岡,,,,,,unmatched,0
chino_joho,知能,世田谷,月,4,前期後,2,国際,ベクトル解析学,服部 新,sab171401,11F,対象[25-18],"対開講(月4,木2)",,35,2026世田谷キャンパス前期.pdf,ベクトル解析学,IT-312,ベクトル解析学,elective-required,専門分野,情報工学基盤科目,exact,1.0
chino_joho,知能,世田谷,火,1,前期前,1,国際,線形代数学(1a),陸名 雄一,saa322101,13N,対象[26-21],,,35,2026世田谷キャンパス前期.pdf,線形代数学(1a),IT-113,線形代数学(1a),required,専門分野,情報工学基盤科目,exact,1.0
chino_joho,知能,世田谷,火,1,前期前,2,国際,知能情報工学演習(a),桂 卓成,saa322107,共用演習室,対象[25-24] ○,,○,35,2026世田谷キャンパス前期.pdf,知能情報工学演習(a),IS-311,知能情報工学演習(a),required,専門分野,専門科目,exact,1.0
chino_joho,知能,世田谷,火,1,前期前,2,国際,再・データ解析演習,桂 卓成,saa322107,共用演習室,対象[25-24] ○,,○,35,2026世田谷キャンパス前期.pdf,データ解析演習,,,,,,unmatched,0
chino_joho,知能,世田谷,火,1,前期前,2,国際,再・データ解析演習,桂 卓成,saa322108,共用演習室,対象[23-18],"対開講(火1,火2) ○",○,35,2026世田谷キャンパス前期.pdf,データ解析演習,,,,,,unmatched,0
chino_joho,知能,世田谷,火,1,前期後,1,国際,線形代数学(1b),陸名 雄一,sab322102,13N,対象[26-21],,,35,2026世田谷キャンパス前期.pdf,線形代数学(1b),IT-114,線形代数学(1b),required,専門分野,情報工学基盤科目,exact,1.0
chino_joho,知能,世田谷,火,2,前期前,1,IV-A,Reading and,日高 正司,saa122201,12J,対象[26-26],,,35,2026世田谷キャンパス前期.pdf,Readingand,,,,,,unmatched,0
chino_joho,知能,世田谷,火,2,前期前,1,IV-B,Reading and Writing(1a),ヴァーラ内田 エイ ドリアン ミッシェ,saa122202,12G,対象[26-26],,,35,2026世田谷キャンパス前期.pdf,ReadingandWriting(1a),FL-117,Reading and Writing(2a),required,共通分野,外国語科目,fuzzy,0.952
chino_joho,知能,世田谷,火,2,前期前,1,IV-C,Reading and,秋間 聖代,saa122203,12C,対象[26-26],,,35,2026世田谷キャンパス前期.pdf,Readingand,,,,,,unmatched,0
chino_joho,知能,世田谷,火,2,前期前,1,IV-D,Reading and,水戸 俊介,saa122204,12D,対象[26-26],,,35,2026世田谷キャンパス前期.pdf,Readingand,,,,,,unmatched,0
chino_joho,知能,世田谷,火,2,前期前,1,IV-E,Reading and,佐竹 幸信,saa122205,12A,対象[26-26],,,35,2026世田谷キャンパス前期.pdf,Readingand,,,,,,unmatched,0
chino_joho,知能,世田谷,火,2,前期前,1,IV-F,Reading and,古谷 裕美,saa122206,12E,対象[26-26],,,35,2026世田谷キャンパス前期.pdf,Readingand,,,,,,unmatched,0
chino_joho,知能,世田谷,火,2,前期前,1,IV-G,Reading and,松本 淳子,saa122207,12F,対象[26-26],,,35,2026世田谷キャンパス前期.pdf,Readingand,,,,,,unmatched,0
chino_joho,知能,世田谷,火,2,前期前,1,IV-H,Reading and,鷹取 勇希,saa122208,13K,対象[26-26],,,35,2026世田谷キャンパス前期.pdf,Readingand,,,,,,unmatched,0
chino_joho,知能,世田谷,火,2,前期前,1,IV-I,Reading and,染谷 昌弘,saa122209,11C,対象[26-26],,,35,2026世田谷キャンパス前期.pdf,Readingand,,,,,,unmatched,0
chino_joho,知能,世田谷,火,2,前期前,1,IV-J,Reading and,小林 美文,saa122210,12H,対象[26-26],,,35,2026世田谷キャンパス前期.pdf,Readingand,,,,,,unmatched,0
chino_joho,知能,世田谷,火,2,前期前,2,IV-J,デジタル信号処理,荒井 秀一,saa312206,22C,対象[25-18],"対開講(火2,金2)",,35,2026世田谷キャンパス前期.pdf,デジタル信号処理,IS-213,デジタル信号処理,required,専門分野,専門科目,exact,1.0
chino_joho,知能,世田谷,火,2,前期前,2,IV-J,再・データ解析演習,桂 卓成,saa322108,共用演習室,対象[23-18],"対開講(火1,火2)",,35,2026世田谷キャンパス前期.pdf,データ解析演習,,,,,,unmatched,0
chino_joho,知能,世田谷,火,2,前期前,2,IV-J,知能情報工学演習(b),桂 卓成,saa322201,共用演習室,対象[25-24],,,35,2026世田谷キャンパス前期.pdf,知能情報工学演習(b),IS-312,知能情報工学演習(b),required,専門分野,専門科目,exact,1.0
chino_joho,知能,世田谷,火,2,前期前,3,IV-J,深層学習,神野 健哉,saa322202,22B,対象[24-24],"対開講(火2,金2)",,35,2026世田谷キャンパス前期.pdf,深層学習,IS-346,深層学習,elective,専門分野,専門科目,exact,1.0
chino_joho,知能,世田谷,火,2,前期後,1,IV-A,Reading and,日高 正司,sab122211,12J,対象[26-26],,,35,2026世田谷キャンパス前期.pdf,Readingand,,,,,,unmatched,0
chino_joho,知能,世田谷,火,2,前期後,1,IV-B,Reading and Writing(1b),ヴァーラ内田 エイ ドリアン ミッシェ,sab122212,12G,対象[26-26],,,35,2026世田谷キャンパス前期.pdf,ReadingandWriting(1b),FL-118,Reading and Writing(2b),required,共通分野,外国語科目,fuzzy,0.952
chino_joho,知能,世田谷,火,2,前期後,1,IV-C,Reading and,秋間 聖代,sab122213,12C,対象[26-26],,,35,2026世田谷キャンパス前期.pdf,Readingand,,,,,,unmatched,0
chino_joho,知能,世田谷,火,2,前期後,1,IV-D,Reading and,水戸 俊介,sab122214,12D,対象[26-26],,,35,2026世田谷キャンパス前期.pdf,Readingand,,,,,,unmatched,0
chino_joho,知能,世田谷,火,2,前期後,1,IV-E,Reading and,佐竹 幸信,sab122215,12A,対象[26-26],,,35,2026世田谷キャンパス前期.pdf,Readingand,,,,,,unmatched,0
chino_joho,知能,世田谷,火,2,前期後,1,IV-F,Reading and,古谷 裕美,sab122216,12E,対象[26-26],,,35,2026世田谷キャンパス前期.pdf,Readingand,,,,,,unmatched,0
chino_joho,知能,世田谷,火,2,前期後,1,IV-G,Reading and,松本 淳子,sab122217,12F,対象[26-26],,,35,2026世田谷キャンパス前期.pdf,Readingand,,,,,,unmatched,0
chino_joho,知能,世田谷,火,2,前期後,1,IV-H,Reading and,鷹取 勇希,sab122218,13K,対象[26-26],,,35,2026世田谷キャンパス前期.pdf,Readingand,,,,,,unmatched,0
chino_joho,知能,世田谷,火,2,前期後,1,IV-I,Reading and,染谷 昌弘,sab122219,11C,対象[26-26],,,35,2026世田谷キャンパス前期.pdf,Readingand,,,,,,unmatched,0
chino_joho,知能,世田谷,火,2,前期後,1,IV-J,Reading and,小林 美文,sab122220,12H,対象[26-26],,,35,2026世田谷キャンパス前期.pdf,Readingand,,,,,,unmatched,0
chino_joho,知能,世田谷,火,3,前期前,1,IV-J,情報リテラシー,岡 誠,saa322301,共用演習室,対象[26-18],"対開講(火3,火4)",,35,2026世田谷キャンパス前期.pdf,情報リテラシー,IT-131,情報リテラシー,required,専門分野,情報工学基盤科目,exact,1.0
chino_joho,知能,世田谷,火,3,前期前,2,IV-J,知的情報処理,森 博彦,saa322303,1BN,対象[25-15],"対開講(火3,火4)",,35,2026世田谷キャンパス前期.pdf,知的情報処理,IS-341,知的情報処理,required,専門分野,専門科目,exact,1.0
chino_joho,知能,世田谷,火,3,前期前,3,IV-J,ｺﾝﾋﾟｭｰﾃｰｼｮﾅﾙﾓﾃﾞﾘﾝｸﾞ,穴田 一,saa322302,12A,対象[24-15],"対開講(火3,金3)",,35,2026世田谷キャンパス前期.pdf,コンピューテーショナルモデリング,IS-343,人工知能コンピューテーショナルモデリング,elective,専門分野,専門科目,fuzzy,0.889
chino_joho,知能,世田谷,火,3,前期後,2,IV-J,データサイエンス・コン 田中 ピューティング応用,宏和,sab322304,22A,対象[25-24],"対開講(火3,火4)",,35,2026世田谷キャンパス前期.pdf,データサイエンス・コン田中ピューティング応用,,,,,,unmatched,0
chino_joho,知能,世田谷,火,3,前期後,2,IV-J,再・大規模データ解析応 田中 用事例,宏和,sab322304,22A,対象[23-18],"対開講(火3,火4)",,35,2026世田谷キャンパス前期.pdf,大規模データ解析応田中用事例,,,,,,unmatched,0
chino_joho,知能,世田谷,火,4,前期前,1,IV-J,情報リテラシー,岡 誠,saa322301,共用演習室,対象[26-18],"対開講(火3,火4)",,35,2026世田谷キャンパス前期.pdf,情報リテラシー,IT-131,情報リテラシー,required,専門分野,情報工学基盤科目,exact,1.0
chino_joho,知能,世田谷,火,4,前期前,2,IV-J,知的情報処理,森 博彦,saa322303,1BN,対象[25-15],"対開講(火3,火4)",,35,2026世田谷キャンパス前期.pdf,知的情報処理,IS-341,知的情報処理,required,専門分野,専門科目,exact,1.0
chino_joho,知能,世田谷,火,4,前期後,2,IV-J,データサイエンス・コン 田中 ピューティング応用,宏和,sab322304,22A,対象[25-24],"対開講(火3,火4)",,35,2026世田谷キャンパス前期.pdf,データサイエンス・コン田中ピューティング応用,,,,,,unmatched,0
chino_joho,知能,世田谷,火,4,前期後,2,IV-J,再・大規模データ解析応 田中 用事例,宏和,sab322304,22A,対象[23-18],"対開講(火3,火4)",,35,2026世田谷キャンパス前期.pdf,大規模データ解析応田中用事例,,,,,,unmatched,0
chino_joho,知能,世田谷,火,5,前期,1,IV-J,数学演習(1),古田 公司 郭 柔均,saz322503,"12B,12C",対象[20-18],,,35,2026世田谷キャンパス前期.pdf,数学演習(1),IT-116,数学演習(1a),elective-required,専門分野,情報工学基盤科目,fuzzy,0.933
chino_joho,知能,世田谷,火,5,前期前,1,IV-J,数学演習(1a),古田 公司 郭 柔均,saa322501,"12B,12C",対象[26-21],,,35,2026世田谷キャンパス前期.pdf,数学演習(1a),IT-116,数学演習(1a),elective-required,専門分野,情報工学基盤科目,exact,1.0
chino_joho,知能,世田谷,火,5,前期後,1,IV-J,数学演習(1b),古田 公司 郭 柔均,sab322502,"12B,12C",対象[26-21],,,35,2026世田谷キャンパス前期.pdf,数学演習(1b),IT-117,数学演習(1b),elective-required,専門分野,情報工学基盤科目,exact,1.0
chino_joho,知能,世田谷,水,1,前期,1,SD,PBL(1),"木村 貴幸 塩本 公平 1BC,1BD,1BL 神野 健哉 ,1BM,1BN(2Q 森 博彦",saz323101,"61C,1BL(1Q)",対象[26-20] ),,,35,2026世田谷キャンパス前期.pdf,PBL(1),,,,,,unmatched,0
chino_joho,知能,世田谷,水,1,前期,1,SD,再・知識工学汎論,"木村 貴幸 塩本 公平 1BC,1BD,1BL 神野 健哉 ,1BM,1BN(2Q 森 博彦",saz323101,"61C,1BL(1Q)",対象[19-18] ),,,35,2026世田谷キャンパス前期.pdf,知識工学汎論,,,,,,unmatched,0
chino_joho,知能,世田谷,水,2,前期,2,SD,PBL(2),田中 宏和 塩本 公平 神野 健哉 森 博彦,saz323201,"1BC,1BD,1BL","対象[25-20] ,1BM(1Q)1BC ,1BD,1BL,1B M,1BN(2Q)",,,36,2026世田谷キャンパス前期.pdf,PBL(2),,,,,,unmatched,0
chino_joho,知能,世田谷,木,1,前期前,1,SD,物理学(1),津村 耕司,saa321105,1BD,対象[26-18],"対開講(月1,木1)",,36,2026世田谷キャンパス前期.pdf,物理学(1),IT-121,物理学(1),elective-required,専門分野,情報工学基盤科目,exact,1.0
chino_joho,知能,世田谷,木,1,前期前,1,国際,物理学(1),砂畑 浩樹,saa311105,1BN,対象[26-18],"対開講(月1,木1)",,36,2026世田谷キャンパス前期.pdf,物理学(1),IT-121,物理学(1),elective-required,専門分野,情報工学基盤科目,exact,1.0
chino_joho,知能,世田谷,木,1,前期前,2,国際,プログラミング応用,木村 貴幸,saa321104,共用演習室,対象[25-24],"対開講(月1,木1) ○",○,36,2026世田谷キャンパス前期.pdf,プログラミング応用,IS-214,プログラミング応用,elective,専門分野,専門科目,exact,1.0
chino_joho,知能,世田谷,木,1,前期前,2,国際,再・オブジェクト指向プ ログラミング(b),木村 貴幸,saa324101,1BE,対象[23-21] ○,,○,36,2026世田谷キャンパス前期.pdf,オブジェクト指向プログラミング(b),,,,,,unmatched,0
chino_joho,知能,世田谷,木,1,前期前,2,国際,再・オブジェクト指向プ ログラミング,木村 貴幸,saa321106,1BE,対象[20-18],"対開講(月1,木1) ○",○,36,2026世田谷キャンパス前期.pdf,オブジェクト指向プログラミング,,,,,,unmatched,0
chino_joho,知能,世田谷,木,1,前期後,1,国際,化学(1),堀越 篤史,sab311107,31A,対象[26-18],"対開講(月1,木1)",,36,2026世田谷キャンパス前期.pdf,化学(1),IT-125,化学(1),elective-required,専門分野,情報工学基盤科目,exact,1.0
chino_joho,知能,世田谷,木,1,前期後,3,国際,ネットワークセキュリ ティと管理,塩本 公平,sab321109,共用演習室,対象[24-20],"対開講(月1,木1)",,36,2026世田谷キャンパス前期.pdf,ネットワークセキュリティと管理,IS-365,ネットワークセキュリティと管理,elective,専門分野,専門科目,exact,1.0
chino_joho,知能,世田谷,木,2,前期前,1,国際,物理学(1)演習,津村 耕司,saa321208,1BD,対象[26-18],"対開講(月2,木2)",,36,2026世田谷キャンパス前期.pdf,物理学(1)演習,IT-122,物理学(1)演習,elective,専門分野,情報工学基盤科目,exact,1.0
chino_joho,知能,世田谷,木,2,前期前,2,国際,情報理論,新家 稔央,saa311202,22C,対象[25-18],"対開講(月2,木2)",,36,2026世田谷キャンパス前期.pdf,情報理論,IS-216,情報理論,required,専門分野,専門科目,exact,1.0
chino_joho,知能,世田谷,木,2,前期前,2,国際,古典制御理論,大屋 英稔,saa311206,22B,対象[20-18],"対開講(月2,木2)",,36,2026世田谷キャンパス前期.pdf,古典制御理論,,,,,,unmatched,0
chino_joho,知能,世田谷,木,2,前期前,2,国際,知能情報数学入門,ニーナ スヴィリド ヴァ,saa321209,12M,対象[25-24],"対開講(月2,木2)",,36,2026世田谷キャンパス前期.pdf,知能情報数学入門,IS-215,知能情報数学入門,required,専門分野,専門科目,exact,1.0
chino_joho,知能,世田谷,木,2,前期前,2,国際,再・データサイエンス基 礎,ニーナ スヴィリド ヴァ,saa321209,12M,対象[23-18],"対開講(月2,木2)",,36,2026世田谷キャンパス前期.pdf,データサイエンス基礎,,,,,,unmatched,0
chino_joho,知能,世田谷,木,2,前期後,2,国際,ベクトル解析学,服部 新,sab171401,11F,対象[25-18],"対開講(月4,木2)",,36,2026世田谷キャンパス前期.pdf,ベクトル解析学,IT-312,ベクトル解析学,elective-required,専門分野,情報工学基盤科目,exact,1.0
chino_joho,知能,世田谷,木,2,前期後,2,国際,人間工学,岡 誠,sab321203,12P,対象[25-18],"対開講(月2,木2)",,36,2026世田谷キャンパス前期.pdf,人間工学,IS-351,人間工学,elective,専門分野,専門科目,exact,1.0
chino_joho,知能,世田谷,木,2,前期後,3,国際,知能情報数学発展,木村 貴幸,sab321202,共用演習室,対象[24-24],"対開講(月2,木2)",,36,2026世田谷キャンパス前期.pdf,知能情報数学発展,IS-315,知能情報数学発展,elective,専門分野,専門科目,exact,1.0
chino_joho,知能,世田谷,木,3,前期前,1,国際,コンピュータ概論,桂 卓成,saa321301,共用演習室,対象[26-18],"対開講(月3,木3)",,36,2026世田谷キャンパス前期.pdf,コンピュータ概論,IT-132,コンピュータ概論,required,専門分野,情報工学基盤科目,exact,1.0
chino_joho,知能,世田谷,木,3,前期後,1,国際,基礎確率統計,ニーナ スヴィリド ヴァ,sab321303,31B,対象[26-15],"対開講(月3,木3)",,36,2026世田谷キャンパス前期.pdf,基礎確率統計,IT-115,基礎確率統計,required,専門分野,情報工学基盤科目,exact,1.0
chino_joho,知能,世田谷,木,3,前期後,2,国際,データサイエンス・コン ピューティング基礎,塩本 公平,sbb321403,共用演習室,対象[25-24],"対開講(月3,木3)",,36,2026世田谷キャンパス前期.pdf,データサイエンス・コンピューティング基礎,,,,,,unmatched,0
chino_joho,知能,世田谷,木,3,前期後,2,国際,再・クラウドコンピュー ティング,塩本 公平,sbb321403,共用演習室,対象[23-19],"対開講(月3,木3)",,36,2026世田谷キャンパス前期.pdf,クラウドコンピューティング,,,,,,unmatched,0
chino_joho,知能,世田谷,木,4,前期前,1,国際,プログラミング入門,岡 誠,saa321401,共用演習室,対象[26-24],"対開講(月4,木4)",,36,2026世田谷キャンパス前期.pdf,プログラミング入門,IS-112,プログラミング入門,required,専門分野,専門科目,exact,1.0
chino_joho,知能,世田谷,木,4,前期前,1,国際,再・プログラミング,岡 誠,saa321401,共用演習室,対象[23-15],"対開講(月4,木4)",,36,2026世田谷キャンパス前期.pdf,プログラミング,IS-112,プログラミング入門,required,専門分野,専門科目,fuzzy,0.875
chino_joho,知能,世田谷,木,4,前期前,2,国際,微分方程式論,中井 洋史,saa141202,1BB,対象[25-18],"対開講(月2,木4)",,36,2026世田谷キャンパス前期.pdf,微分方程式論,IT-311,微分方程式論,elective-required,専門分野,情報工学基盤科目,exact,1.0
chino_joho,知能,世田谷,木,4,前期後,1,国際,プログラミング基礎,岡 誠,sab321402,12P,対象[26-24],"対開講(月4,木4)",,36,2026世田谷キャンパス前期.pdf,プログラミング基礎,IS-113,プログラミング基礎,required,専門分野,専門科目,exact,1.0
chino_joho,知能,世田谷,木,4,前期後,1,国際,再・プログラミング演習,岡 誠,sab321402,12P,対象[23-18],"対開講(月4,木4)",,36,2026世田谷キャンパス前期.pdf,プログラミング演習,,,,,,unmatched,0
chino_joho,知能,世田谷,木,5,前期,2,国際,デジタル信号処理,L・マテラム,saz314501,12J,対象[25-18],,,36,2026世田谷キャンパス前期.pdf,デジタル信号処理,IS-213,デジタル信号処理,required,専門分野,専門科目,exact,1.0
chino_joho,知能,世田谷,金,1,前期前,1,国際,微分積分学(1a),大槻 玲,saa325101,13M,対象[26-21],,,36,2026世田谷キャンパス前期.pdf,微分積分学(1a),IT-111,微分積分学(1a),required,専門分野,情報工学基盤科目,exact,1.0
chino_joho,知能,世田谷,金,1,前期前,2,国際,技術者倫理,山本 史華,saa325107,1BJ,対象[25-22],,,36,2026世田谷キャンパス前期.pdf,技術者倫理,IT-232,技術者倫理,required,専門分野,情報工学基盤科目,exact,1.0
chino_joho,知能,世田谷,金,1,前期後,1,国際,微分積分学(1b),大槻 玲,sab325102,13M,対象[26-21],,,36,2026世田谷キャンパス前期.pdf,微分積分学(1b),IT-112,微分積分学(1b),required,専門分野,情報工学基盤科目,exact,1.0
chino_joho,知能,世田谷,金,1,前期後,3,国際,専門キャリアデザイン,川上 誓,sab315101,1BB,対象[24-18],"対開講(金1,金2)",,36,2026世田谷キャンパス前期.pdf,専門キャリアデザイン,IT-134,キャリアデザイン,required,専門分野,情報工学基盤科目,fuzzy,0.889
chino_joho,知能,世田谷,金,2,前期,1,IV-A,Communication,佐竹 幸信,saz125201,12G,対象[26-26],,,36,2026世田谷キャンパス前期.pdf,Communication,,,,,,unmatched,0
chino_joho,知能,世田谷,金,2,前期,1,IV-B,Communication,グルンデル 教子,saz125202,12H,対象[26-26],,,36,2026世田谷キャンパス前期.pdf,Communication,,,,,,unmatched,0
chino_joho,知能,世田谷,金,2,前期,1,IV-C,Communication Skills(1),ヴァーラ内田 エイ ドリアン ミッシェ,saz125203,12D,対象[26-26],,,36,2026世田谷キャンパス前期.pdf,CommunicationSkills(1),,,,,,unmatched,0
chino_joho,知能,世田谷,金,2,前期,1,IV-D,Communication,倉持 和歌子,saz125204,12E,対象[26-26],,,36,2026世田谷キャンパス前期.pdf,Communication,,,,,,unmatched,0
chino_joho,知能,世田谷,金,2,前期,1,IV-E,Communication,吹野 佐枝子,saz125205,11C,対象[26-26],,,36,2026世田谷キャンパス前期.pdf,Communication,,,,,,unmatched,0
chino_joho,知能,世田谷,金,2,前期,1,IV-F,Communication,大塚 圭,saz125206,12B,対象[26-26],,,36,2026世田谷キャンパス前期.pdf,Communication,,,,,,unmatched,0
chino_joho,知能,世田谷,金,2,前期,1,IV-G,Communication,鷹取 勇希,saz125207,13N,対象[26-26],,,36,2026世田谷キャンパス前期.pdf,Communication,,,,,,unmatched,0
chino_joho,知能,世田谷,金,2,前期,1,IV-H,Communication,松本 弘法,saz125208,11D,対象[26-26],,,36,2026世田谷キャンパス前期.pdf,Communication,,,,,,unmatched,0
chino_joho,知能,世田谷,金,2,前期,1,IV-I,Communication,稲垣 亜希子,saz125209,11B,対象[26-26],,,36,2026世田谷キャンパス前期.pdf,Communication,,,,,,unmatched,0
chino_joho,知能,世田谷,金,2,前期,1,IV-J,Communication,三宅 加恵,saz125210,1BL,対象[26-26],,,36,2026世田谷キャンパス前期.pdf,Communication,,,,,,unmatched,0
chino_joho,知能,世田谷,金,2,前期前,2,IV-J,デジタル信号処理,荒井 秀一,saa312206,22C,対象[25-18],"対開講(火2,金2)",,36,2026世田谷キャンパス前期.pdf,デジタル信号処理,IS-213,デジタル信号処理,required,専門分野,専門科目,exact,1.0
chino_joho,知能,世田谷,金,2,前期前,3,IV-J,深層学習,神野 健哉,saa322202,22B,対象[24-24],"対開講(火2,金2)",,36,2026世田谷キャンパス前期.pdf,深層学習,IS-346,深層学習,elective,専門分野,専門科目,exact,1.0
chino_joho,知能,世田谷,金,2,前期後,3,IV-J,専門キャリアデザイン,川上 誓,sab315101,1BB,対象[24-18],"対開講(金1,金2)",,36,2026世田谷キャンパス前期.pdf,専門キャリアデザイン,IT-134,キャリアデザイン,required,専門分野,情報工学基盤科目,fuzzy,0.889
chino_joho,知能,世田谷,金,3,前期前,1,IV-J,基礎体育(1a),椿原 徹也 江口 淳一 栗原 祐二,saa325303,-,対象[26-21],,,36,2026世田谷キャンパス前期.pdf,基礎体育(1a),PE-111,基礎体育(1a),elective-required,共通分野,体育科目,exact,1.0
chino_joho,知能,世田谷,金,3,前期前,3,IV-J,ｺﾝﾋﾟｭｰﾃｰｼｮﾅﾙﾓﾃﾞﾘﾝｸﾞ,穴田 一,saa322302,12A,対象[24-15],"対開講(火3,金3)",,36,2026世田谷キャンパス前期.pdf,コンピューテーショナルモデリング,IS-343,人工知能コンピューテーショナルモデリング,elective,専門分野,専門科目,fuzzy,0.889
chino_joho,知能,世田谷,金,3,前期後,1,IV-J,基礎体育(1b),椿原 徹也 江口 淳一 栗原 祐二,sab325304,-,対象[26-21],,,36,2026世田谷キャンパス前期.pdf,基礎体育(1b),PE-112,基礎体育(1b),elective-required,共通分野,体育科目,exact,1.0
chino_joho,知能,世田谷,金,3,前期後,2,IV-J,知能情報数学基礎,田中 宏和,sab325307,12G,対象[25-24],"対開講(金3,金4)/都合により前 期開講",,36,2026世田谷キャンパス前期.pdf,知能情報数学基礎,IS-313,知能情報数学基礎,required,専門分野,専門科目,exact,1.0
chino_joho,知能,世田谷,金,3,前期後,2,IV-J,再・オペレーションズリ サーチ,田中 宏和,sab325307,12G,対象[23-18],"対開講(金3,金4)/都合により前 期開講",,36,2026世田谷キャンパス前期.pdf,オペレーションズリサーチ,,,,,,unmatched,0
chino_joho,知能,世田谷,金,4,前期後,2,IV-J,再・情報社会と倫理(a),田川 史朗,sab315401,21C,対象[21-21],,,36,2026世田谷キャンパス前期.pdf,情報社会と倫理(a),,,,,,unmatched,0
chino_joho,知能,世田谷,金,4,前期後,2,IV-J,知能情報数学基礎,田中 宏和,sab325307,12G,対象[25-24],"対開講(金3,金4)/都合により前 期開講",,36,2026世田谷キャンパス前期.pdf,知能情報数学基礎,IS-313,知能情報数学基礎,required,専門分野,専門科目,exact,1.0
chino_joho,知能,世田谷,金,4,前期後,2,IV-J,再・オペレーションズリ サーチ,田中 宏和,sab325307,12G,対象[23-18],"対開講(金3,金4)/都合により前 期開講",,36,2026世田谷キャンパス前期.pdf,オペレーションズリサーチ,,,,,,unmatched,0
chino_joho,知能,世田谷,金,5,前期,2,国際,情報理論,L・マテラム,saz315501,12J,対象[25-18],,,36,2026世田谷キャンパス前期.pdf,情報理論,IS-216,情報理論,required,専門分野,専門科目,exact,1.0
chino_joho,知能,世田谷,土,1,前期,3,国際,再・情報社会と職業,川上 誓,saz316103,13L,対象[20-18],,,36,2026世田谷キャンパス前期.pdf,情報社会と職業,,,,,,unmatched,0
chino_joho,知能,世田谷,土,1,前期前,3,国際,情報社会と職業(a),川上 誓,saa316105,13L,対象[24-21],,,36,2026世田谷キャンパス前期.pdf,情報社会と職業(a),IT-234,情報社会と職業(a),elective,専門分野,情報工学基盤科目,exact,1.0
chino_joho,知能,世田谷,土,1,前期後,3,国際,情報社会と職業(b),川上 誓,sab316106,13L,対象[24-21],,,36,2026世田谷キャンパス前期.pdf,情報社会と職業(b),IT-235,情報社会と職業(b),elective,専門分野,情報工学基盤科目,exact,1.0
chino_joho,知能,世田谷,土,1,前集中,1,国際,データサイエンスリテラ シー(1),吉田 雅裕,saz317601,-,対象[26-21],,,36,2026世田谷キャンパス前期.pdf,データサイエンスリテラシー(1),LA-145,データサイエンスリテラシー(1),elective,共通分野,教養科目,exact,1.0
chino_joho,知能,世田谷,土,1,前集中,2,国際,再・情報社会と倫理(a),岡 誠,saz327616,-,対象[21-21],,,36,2026世田谷キャンパス前期.pdf,情報社会と倫理(a),,,,,,unmatched,0
chino_joho,知能,世田谷,土,1,前集中,2,国際,再・情報社会と倫理(b),岡 誠,saz327617,-,対象[21-21],,,36,2026世田谷キャンパス前期.pdf,情報社会と倫理(b),,,,,,unmatched,0
chino_joho,知能,世田谷,土,1,前集中,2,国際,再・企業マネジメント,桂 卓成,saa327620,-,対象[23-18],,,36,2026世田谷キャンパス前期.pdf,企業マネジメント,,,,,,unmatched,0
chino_joho,知能,世田谷,土,1,前集中,3,国際,プロジェクトマネジメン ト,田村 慶信,saz327603,-,対象[23-18],,,36,2026世田谷キャンパス前期.pdf,プロジェクトマネジメント,,,,,,unmatched,0
chino_joho,知能,世田谷,土,1,前集中,3,国際,再・製品企画,桂 卓成,saz327615,-,対象[23-18],,,36,2026世田谷キャンパス前期.pdf,製品企画,,,,,,unmatched,0
chino_joho,知能,世田谷,土,1,前集中,4,国際,卒業研究(1),神野 健哉 塩本 公平 森 博彦 田中 宏和,saz327608,-,対象[23-19],,,36,2026世田谷キャンパス前期.pdf,卒業研究(1),IS-492,卒業研究(1),required,専門分野,専門科目,exact,1.0
chino_joho,知能,世田谷,土,1,前集中,4,国際,卒業研究(2),神野 健哉 塩本 公平 森 博彦 田中 宏和,saz327609,-,対象[23-19],,,36,2026世田谷キャンパス前期.pdf,卒業研究(2),IS-493,卒業研究(2),required,専門分野,専門科目,exact,1.0
chino_joho,知能,世田谷,土,1,通年,4,国際,卒業研究 神野 塩本 森 田中,健哉 公平 博彦 宏和,szz327612,-,対象[18-18],,,37,2026世田谷キャンパス前期.pdf,卒業研究神野塩本森田中,,,,,,unmatched,0
chino_joho,知能,世田谷,月,1,前期,1,I-A,Communication,Skills(1) 篠原 俊吾,saz131101,12D,対象[26-26],,,38,2026世田谷キャンパス前期.pdf,Communication,,,,,,unmatched,0
chino_joho,知能,世田谷,月,1,前期,1,I-B,Communication,Skills(1) 中村 優子,saz131102,11B,対象[26-26],,,38,2026世田谷キャンパス前期.pdf,Communication,,,,,,unmatched,0
chino_joho,知能,世田谷,月,1,前期,1,I-C,Communication,Skills(1) 日高 正司,saz131103,11C,対象[26-26],,,38,2026世田谷キャンパス前期.pdf,Communication,,,,,,unmatched,0
chino_joho,知能,世田谷,月,1,前期,1,I-D,Communication,Skills(1) 松原 理佐,saz131104,12J,対象[26-26],,,38,2026世田谷キャンパス前期.pdf,Communication,,,,,,unmatched,0
chino_joho,知能,世田谷,月,1,前期,1,I-E,Communication,Skills(1) 酒井 美江,saz131105,12C,対象[26-26],,,38,2026世田谷キャンパス前期.pdf,Communication,,,,,,unmatched,0
chino_joho,知能,世田谷,月,1,前期,1,I-F,Communication,Skills(1) グルンデル 教子,saz131106,12F,対象[26-26],,,38,2026世田谷キャンパス前期.pdf,Communication,,,,,,unmatched,0
chino_joho,知能,世田谷,月,1,前期,1,I-G,Communication,Skills(1) 三幣 友行,saz131107,11D,対象[26-26],,,38,2026世田谷キャンパス前期.pdf,Communication,,,,,,unmatched,0
chino_joho,知能,世田谷,月,1,前期,1,I-H,Communication,Skills(1) 冨樫 須奈美,saz131108,12A,対象[26-26],,,38,2026世田谷キャンパス前期.pdf,Communication,,,,,,unmatched,0
chino_joho,知能,世田谷,月,1,前期,1,I-I,Communication,Skills(1) 鷹取 勇希,saz131109,12G,対象[26-26],,,38,2026世田谷キャンパス前期.pdf,Communication,,,,,,unmatched,0
chino_joho,知能,世田谷,月,1,前期後,2,I-I,インテリアデザインと実務,高柳 英明,sab511101,71B,対象[25-17],"対開講(月1,月2) ○",○,38,2026世田谷キャンパス前期.pdf,インテリアデザインと実務,,,,,,unmatched,0
chino_joho,知能,世田谷,月,1,前期後,3,I-I,Urban Environment,Design 斉藤 圭,sab511102,13P,対象[24-20],"対開講(月1,月2)",,38,2026世田谷キャンパス前期.pdf,UrbanEnvironment,,,,,,unmatched,0
chino_joho,知能,世田谷,月,1,前期後,3,I-I,都市の環境,斉藤 圭,sab511102,13P,対象[19-17],"対開講(月1,月2)",,38,2026世田谷キャンパス前期.pdf,都市の環境,,,,,,unmatched,0
chino_joho,知能,世田谷,月,2,前期前,1,DEF,基礎体育(1a),久保 哲也 山田 盛朗 山口 良博,saa511201,-,対象[26-22],,,38,2026世田谷キャンパス前期.pdf,基礎体育(1a),PE-111,基礎体育(1a),elective-required,共通分野,体育科目,exact,1.0
chino_joho,知能,世田谷,月,2,前期後,1,DEF,基礎体育(1b),久保 哲也 山田 盛朗 山口 良博,sab511202,-,対象[26-22],,,38,2026世田谷キャンパス前期.pdf,基礎体育(1b),PE-112,基礎体育(1b),elective-required,共通分野,体育科目,exact,1.0
chino_joho,知能,世田谷,月,2,前期後,2,DEF,インテリアデザインと実務,高柳 英明,sab511101,71B,対象[25-17],"対開講(月1,月2)",,38,2026世田谷キャンパス前期.pdf,インテリアデザインと実務,,,,,,unmatched,0
chino_joho,知能,世田谷,月,2,前期後,3,DEF,Urban Environment,Design 斉藤 圭,sab511102,13P,対象[24-20],"対開講(月1,月2)",,38,2026世田谷キャンパス前期.pdf,UrbanEnvironment,,,,,,unmatched,0
chino_joho,知能,世田谷,月,2,前期後,3,DEF,都市の環境,斉藤 圭,sab511102,13P,対象[19-17],"対開講(月1,月2)",,38,2026世田谷キャンパス前期.pdf,都市の環境,,,,,,unmatched,0
chino_joho,知能,世田谷,月,3,前期前,1,SD,PBL(1),坂倉 杏介 林 和眞 川口 英俊 高柳 英明,szz511302,71A,対象[26-20],"対開講(月3前期前,水3前期後, 水3後期)",,38,2026世田谷キャンパス前期.pdf,PBL(1),,,,,,unmatched,0
chino_joho,知能,世田谷,月,3,前期前,1,SD,フレッシャーズゼミ,坂倉 杏介 林 和眞 川口 英俊 高柳 英明,szz511302,71A,対象[19-17],"対開講(月3前期前,水3前期後, 水3後期)",,38,2026世田谷キャンパス前期.pdf,フレッシャーズゼミ,,,,,,unmatched,0
chino_joho,知能,世田谷,月,3,前期後,1,SD,経営学概論,菊池 武晴,sab511301,71A,対象[26-17],"対開講(月3,月4)",,38,2026世田谷キャンパス前期.pdf,経営学概論,,,,,,unmatched,0
chino_joho,知能,世田谷,月,4,前期前,2,SD,建築法規,加藤 健三,saa511401,71B,対象[25-17],"対開講(月4,月5)",,38,2026世田谷キャンパス前期.pdf,建築法規,,,,,,unmatched,0
chino_joho,知能,世田谷,月,4,前期後,1,SD,経営学概論,菊池 武晴,sab511301,71A,対象[26-17],"対開講(月3,月4)",,38,2026世田谷キャンパス前期.pdf,経営学概論,,,,,,unmatched,0
chino_joho,知能,世田谷,月,4,前期後,3,SD,リノベーションとコンバー ジョン,山田 智彦,sab511402,71B,対象[22-17],"対開講(月4,月5)",,38,2026世田谷キャンパス前期.pdf,リノベーションとコンバージョン,,,,,,unmatched,0
chino_joho,知能,世田谷,月,4,前期後,3,SD,都市の建築ストックの再生,山田 智彦,sab511402,71B,対象[24-23],"対開講(月4,月5)",,38,2026世田谷キャンパス前期.pdf,都市の建築ストックの再生,,,,,,unmatched,0
chino_joho,知能,世田谷,月,5,前期前,2,SD,建築法規,加藤 健三,saa511401,71B,対象[25-17],"対開講(月4,月5)",,38,2026世田谷キャンパス前期.pdf,建築法規,,,,,,unmatched,0
chino_joho,知能,世田谷,月,5,前期後,3,SD,リノベーションとコンバー ジョン,山田 智彦,sab511402,71B,対象[22-17],"対開講(月4,月5)",,38,2026世田谷キャンパス前期.pdf,リノベーションとコンバージョン,,,,,,unmatched,0
chino_joho,知能,世田谷,月,5,前期後,3,SD,都市の建築ストックの再生,山田 智彦,sab511402,71B,対象[24-23],"対開講(月4,月5)",,38,2026世田谷キャンパス前期.pdf,都市の建築ストックの再生,,,,,,unmatched,0
chino_joho,知能,世田谷,火,1,前期前,1,SD,民法と商法,市川 貴子,saa512101,13L,対象[26-26],"対開講(火1,火2)",,38,2026世田谷キャンパス前期.pdf,民法と商法,,,,,,unmatched,0
chino_joho,知能,世田谷,火,1,前期前,3,SD,民法と商法,市川 貴子,saa512101,13L,対象[¥3-17],"対開講(火1,火2)",,38,2026世田谷キャンパス前期.pdf,民法と商法,,,,,,unmatched,0
chino_joho,知能,世田谷,火,1,前期後,1,A,グラフィックデザイン演習,紺野 達也,sab512102,73C,対象[26-17],"対開講(火1,火2)",,38,2026世田谷キャンパス前期.pdf,グラフィックデザイン演習,,,,,,unmatched,0
chino_joho,知能,世田谷,火,1,前期後,1,B,グラフィックデザイン演習,冨谷 亮介,sab512103,73A,対象[26-17],"対開講(火1,火2)",,38,2026世田谷キャンパス前期.pdf,グラフィックデザイン演習,,,,,,unmatched,0
chino_joho,知能,世田谷,火,1,前期後,1,C,グラフィックデザイン演習,栗本 裕介,sab512104,73B,対象[26-17],"対開講(火1,火2)",,38,2026世田谷キャンパス前期.pdf,グラフィックデザイン演習,,,,,,unmatched,0
chino_joho,知能,世田谷,火,1,前期後,2,C,都市の文化・芸術,ドリアンダ リーラ プロビ,sab512105,61B,対象[24-17],"対開講(火1,火2) ○",○,38,2026世田谷キャンパス前期.pdf,都市の文化・芸術,,,,,,unmatched,0
chino_joho,知能,世田谷,火,1,前期後,2,C,Urban Cultural,Studies ドリアンダ リーラ プロビ,sab512105,61B,対象[25-25],"対開講(火1,火2) ○",○,38,2026世田谷キャンパス前期.pdf,UrbanCultural,,,,,,unmatched,0
chino_joho,知能,世田谷,火,2,前期,3,C,特別講義(東急Gの都市創,太田 明,saz512201,12N,対象[24-17],,,38,2026世田谷キャンパス前期.pdf,特別講義(東急Gの都市創,,,,,,unmatched,0
chino_joho,知能,世田谷,火,2,前期前,1,C,民法と商法,市川 貴子,saa512101,13L,対象[26-26],"対開講(火1,火2)",,38,2026世田谷キャンパス前期.pdf,民法と商法,,,,,,unmatched,0
chino_joho,知能,世田谷,火,2,前期前,3,C,民法と商法,市川 貴子,saa512101,13L,対象[¥3-17],"対開講(火1,火2)",,38,2026世田谷キャンパス前期.pdf,民法と商法,,,,,,unmatched,0
chino_joho,知能,世田谷,火,2,前期後,1,A,グラフィックデザイン演習,紺野 達也,sab512102,73C,対象[26-17],"対開講(火1,火2)",,38,2026世田谷キャンパス前期.pdf,グラフィックデザイン演習,,,,,,unmatched,0
chino_joho,知能,世田谷,火,2,前期後,1,B,グラフィックデザイン演習,冨谷 亮介,sab512103,73A,対象[26-17],"対開講(火1,火2)",,38,2026世田谷キャンパス前期.pdf,グラフィックデザイン演習,,,,,,unmatched,0
chino_joho,知能,世田谷,火,2,前期後,1,C,グラフィックデザイン演習,栗本 裕介,sab512104,73B,対象[26-17],"対開講(火1,火2)",,38,2026世田谷キャンパス前期.pdf,グラフィックデザイン演習,,,,,,unmatched,0
chino_joho,知能,世田谷,火,2,前期後,2,C,都市の文化・芸術,ドリアンダ リーラ プロビ,sab512105,61B,対象[24-17],"対開講(火1,火2)",,38,2026世田谷キャンパス前期.pdf,都市の文化・芸術,,,,,,unmatched,0
chino_joho,知能,世田谷,火,2,前期後,2,C,Urban Cultural,Studies ドリアンダ リーラ プロビ,sab512105,61B,対象[25-25],"対開講(火1,火2)",,38,2026世田谷キャンパス前期.pdf,UrbanCultural,,,,,,unmatched,0
chino_joho,知能,世田谷,火,3,前期前,1,C,都市計画(1),柏原 沙織,saa512301,71B,対象[26-17],"対開講(火3,火4)",,38,2026世田谷キャンパス前期.pdf,都市計画(1),,,,,,unmatched,0
chino_joho,知能,世田谷,火,3,前期前,2,C,建築史,岩谷 洋子,saa512305,31A,対象[25-17],"対開講(火3,火4)",,38,2026世田谷キャンパス前期.pdf,建築史,,,,,,unmatched,0
chino_joho,知能,世田谷,火,3,前期前,2,C,住宅と不動産,宇都 正哲 山下 英和,saa512309,22A,対象[25-17],"対開講(火3,火4)",,38,2026世田谷キャンパス前期.pdf,住宅と不動産,,,,,,unmatched,0
chino_joho,知能,世田谷,火,3,前期前,3,C,経営戦略論,菊池 武晴,saa512307,13J,対象[24-17],"対開講(火3,火4)",,38,2026世田谷キャンパス前期.pdf,経営戦略論,,,,,,unmatched,0
chino_joho,知能,世田谷,火,3,前期後,1,D,グラフィックデザイン演習,諫川 輝之,sab512302,73C,対象[26-17],"対開講(火3,火4)",,38,2026世田谷キャンパス前期.pdf,グラフィックデザイン演習,,,,,,unmatched,0
chino_joho,知能,世田谷,火,3,前期後,1,E,グラフィックデザイン演習,河野 佳成,sab512303,73A,対象[26-17],"対開講(火3,火4)",,38,2026世田谷キャンパス前期.pdf,グラフィックデザイン演習,,,,,,unmatched,0
chino_joho,知能,世田谷,火,3,前期後,1,F,グラフィックデザイン演習,黒川 成樹,sab512304,73B,対象[26-17],"対開講(火3,火4)",,38,2026世田谷キャンパス前期.pdf,グラフィックデザイン演習,,,,,,unmatched,0
chino_joho,知能,世田谷,火,3,前期後,2,F,まちの観察,末繁 雄一,sab512306,71B,対象[25-17],"対開講(火3,火4)",,38,2026世田谷キャンパス前期.pdf,まちの観察,,,,,,unmatched,0
chino_joho,知能,世田谷,火,3,前期後,3,F,統計と分析,林 和眞,sab512308,32A,対象[24-17],"対開講(火3,火4)",,38,2026世田谷キャンパス前期.pdf,統計と分析,,,,,,unmatched,0
chino_joho,知能,世田谷,火,4,前期前,1,F,都市計画(1),柏原 沙織,saa512301,71B,対象[26-17],"対開講(火3,火4)",,38,2026世田谷キャンパス前期.pdf,都市計画(1),,,,,,unmatched,0
chino_joho,知能,世田谷,火,4,前期前,2,F,建築史,岩谷 洋子,saa512305,31A,対象[25-17],"対開講(火3,火4)",,38,2026世田谷キャンパス前期.pdf,建築史,,,,,,unmatched,0
chino_joho,知能,世田谷,火,4,前期前,2,F,住宅と不動産,宇都 正哲 山下 英和,saa512309,22A,対象[25-17],"対開講(火3,火4)",,38,2026世田谷キャンパス前期.pdf,住宅と不動産,,,,,,unmatched,0
chino_joho,知能,世田谷,火,4,前期前,3,F,経営戦略論,菊池 武晴,saa512307,13J,対象[24-17],"対開講(火3,火4)",,38,2026世田谷キャンパス前期.pdf,経営戦略論,,,,,,unmatched,0
chino_joho,知能,世田谷,火,4,前期後,1,D,グラフィックデザイン演習,諫川 輝之,sab512302,73C,対象[26-17],"対開講(火3,火4)",,38,2026世田谷キャンパス前期.pdf,グラフィックデザイン演習,,,,,,unmatched,0
chino_joho,知能,世田谷,火,4,前期後,1,E,グラフィックデザイン演習,河野 佳成,sab512303,73A,対象[26-17],"対開講(火3,火4)",,38,2026世田谷キャンパス前期.pdf,グラフィックデザイン演習,,,,,,unmatched,0
chino_joho,知能,世田谷,火,4,前期後,1,F,グラフィックデザイン演習,黒川 成樹,sab512304,73B,対象[26-17],"対開講(火3,火4)",,38,2026世田谷キャンパス前期.pdf,グラフィックデザイン演習,,,,,,unmatched,0
chino_joho,知能,世田谷,火,4,前期後,2,F,まちの観察,末繁 雄一,sab512306,71B,対象[25-17],"対開講(火3,火4)",,38,2026世田谷キャンパス前期.pdf,まちの観察,,,,,,unmatched,0
chino_joho,知能,世田谷,火,4,前期後,3,F,統計と分析,林 和眞,sab512308,32A,対象[24-17],"対開講(火3,火4)",,38,2026世田谷キャンパス前期.pdf,統計と分析,,,,,,unmatched,0
chino_joho,知能,世田谷,火,5,前期後,3,F,キャリアデザイン(1),林 和眞 宇都 正哲 川口 英俊 高柳 英明,sab512501,71A,対象[24-20],,,39,2026世田谷キャンパス前期.pdf,キャリアデザイン(1),,,,,,unmatched,0
chino_joho,知能,世田谷,火,5,前期後,3,F,キャリアデザイン(2),林 和眞 宇都 正哲 川口 英俊 高柳 英明,sab512501,71A,対象[19-17],,,39,2026世田谷キャンパス前期.pdf,キャリアデザイン(2),,,,,,unmatched,0
chino_joho,知能,世田谷,水,1,前期前,1,F,マーケティング概論,北見 幸一,saa513101,71A,対象[26-17],"対開講(水1,水2)",,39,2026世田谷キャンパス前期.pdf,マーケティング概論,,,,,,unmatched,0
chino_joho,知能,世田谷,水,1,前期前,3,F,Urban Landscape,坂井 文 川口 英俊,saa513103,71B,対象[24-20],"対開講(水1,水2)",,39,2026世田谷キャンパス前期.pdf,UrbanLandscape,,,,,,unmatched,0
chino_joho,知能,世田谷,水,1,前期前,3,F,ランドスケープデザイン,坂井 文 川口 英俊,saa513103,71B,対象[19-17],"対開講(水1,水2)",,39,2026世田谷キャンパス前期.pdf,ランドスケープデザイン,,,,,,unmatched,0
chino_joho,知能,世田谷,水,1,前期後,1,F,サービスデザイン(1),木村 篤信,sab513102,22B,対象[26-26],"対開講(水1,水2)",,39,2026世田谷キャンパス前期.pdf,サービスデザイン(1),,,,,,unmatched,0
chino_joho,知能,世田谷,水,1,前期後,3,F,建築空間論,中島 伸,sab513104,61B,対象[24-17],"対開講(水1,水2)",,39,2026世田谷キャンパス前期.pdf,建築空間論,,,,,,unmatched,0
chino_joho,知能,世田谷,水,2,前期前,1,F,マーケティング概論,北見 幸一,saa513101,71A,対象[26-17],"対開講(水1,水2)",,39,2026世田谷キャンパス前期.pdf,マーケティング概論,,,,,,unmatched,0
chino_joho,知能,世田谷,水,2,前期前,3,F,Urban Landscape,坂井 文 川口 英俊,saa513103,71B,対象[24-20],"対開講(水1,水2)",,39,2026世田谷キャンパス前期.pdf,UrbanLandscape,,,,,,unmatched,0
chino_joho,知能,世田谷,水,2,前期前,3,F,ランドスケープデザイン,坂井 文 川口 英俊,saa513103,71B,対象[19-17],"対開講(水1,水2)",,39,2026世田谷キャンパス前期.pdf,ランドスケープデザイン,,,,,,unmatched,0
chino_joho,知能,世田谷,水,2,前期後,1,F,サービスデザイン(1),木村 篤信,sab513102,22B,対象[26-26],"対開講(水1,水2)",,39,2026世田谷キャンパス前期.pdf,サービスデザイン(1),,,,,,unmatched,0
chino_joho,知能,世田谷,水,2,前期後,3,F,建築空間論,中島 伸,sab513104,61B,対象[24-17],"対開講(水1,水2)",,39,2026世田谷キャンパス前期.pdf,建築空間論,,,,,,unmatched,0
chino_joho,知能,世田谷,水,3,前期後,1,SD,PBL(1),坂倉 杏介 林 和眞 川口 英俊 高柳 英明,szz511302,71A,対象[26-20],"対開講(月3前期前,水3前期後, 水3後期)",,39,2026世田谷キャンパス前期.pdf,PBL(1),,,,,,unmatched,0
chino_joho,知能,世田谷,水,3,前期後,1,SD,フレッシャーズゼミ,坂倉 杏介 林 和眞 川口 英俊 高柳 英明,szz511302,71A,対象[19-17],"対開講(月3前期前,水3前期後, 水3後期)",,39,2026世田谷キャンパス前期.pdf,フレッシャーズゼミ,,,,,,unmatched,0
chino_joho,知能,世田谷,水,4,前期,3,SD,構造力学(1)及び演習,石井 久史,saz513401,71A,対象[24-17],"対開講(水4,水5)",,39,2026世田谷キャンパス前期.pdf,構造力学(1)及び演習,,,,,,unmatched,0
chino_joho,知能,世田谷,水,5,前期,3,SD,構造力学(1)及び演習,石井 久史,saz513401,71A,対象[24-17],"対開講(水4,水5)",,39,2026世田谷キャンパス前期.pdf,構造力学(1)及び演習,,,,,,unmatched,0
chino_joho,知能,世田谷,木,1,前期前,1,I-A,Reading and Writing(1a),中村 優子,saa134101,11C,対象[26-26],,,39,2026世田谷キャンパス前期.pdf,ReadingandWriting(1a),FL-117,Reading and Writing(2a),required,共通分野,外国語科目,fuzzy,0.952
chino_joho,知能,世田谷,木,1,前期前,1,I-B,Reading and Writing(1a),秋間 聖代,saa134102,11E,対象[26-26],,,39,2026世田谷キャンパス前期.pdf,ReadingandWriting(1a),FL-117,Reading and Writing(2a),required,共通分野,外国語科目,fuzzy,0.952
chino_joho,知能,世田谷,木,1,前期前,1,I-C,Reading and Writing(1a),佐竹 幸信,saa134103,12D,対象[26-26],,,39,2026世田谷キャンパス前期.pdf,ReadingandWriting(1a),FL-117,Reading and Writing(2a),required,共通分野,外国語科目,fuzzy,0.952
chino_joho,知能,世田谷,木,1,前期前,1,I-D,Reading and Writing(1a),酒井 美江,saa134104,12C,対象[26-26],,,39,2026世田谷キャンパス前期.pdf,ReadingandWriting(1a),FL-117,Reading and Writing(2a),required,共通分野,外国語科目,fuzzy,0.952
chino_joho,知能,世田谷,木,1,前期前,1,I-E,Reading and Writing(1a),沢村 静,saa134105,13N,対象[26-26],,,39,2026世田谷キャンパス前期.pdf,ReadingandWriting(1a),FL-117,Reading and Writing(2a),required,共通分野,外国語科目,fuzzy,0.952
chino_joho,知能,世田谷,木,1,前期前,1,I-F,Reading and Writing(1a),倉持 和歌子,saa134106,12G,対象[26-26],,,39,2026世田谷キャンパス前期.pdf,ReadingandWriting(1a),FL-117,Reading and Writing(2a),required,共通分野,外国語科目,fuzzy,0.952
chino_joho,知能,世田谷,木,1,前期前,1,I-G,Reading and Writing(1a),田中 美和,saa134107,12F,対象[26-26],,,39,2026世田谷キャンパス前期.pdf,ReadingandWriting(1a),FL-117,Reading and Writing(2a),required,共通分野,外国語科目,fuzzy,0.952
chino_joho,知能,世田谷,木,1,前期前,1,I-H,Reading and Writing(1a),鴨下 恵子,saa134108,11B,対象[26-26],,,39,2026世田谷キャンパス前期.pdf,ReadingandWriting(1a),FL-117,Reading and Writing(2a),required,共通分野,外国語科目,fuzzy,0.952
chino_joho,知能,世田谷,木,1,前期前,1,I-I,Reading and Writing(1a),三幣 友行,saa134109,11D,対象[26-26],,,39,2026世田谷キャンパス前期.pdf,ReadingandWriting(1a),FL-117,Reading and Writing(2a),required,共通分野,外国語科目,fuzzy,0.952
chino_joho,知能,世田谷,木,1,前期前,3,I-I,プロジェクトマネジメント,太田 明,saa514102,12A,対象[24-17],"対開講(木1,木2)",,39,2026世田谷キャンパス前期.pdf,プロジェクトマネジメント,,,,,,unmatched,0
chino_joho,知能,世田谷,木,1,前期後,1,I-A,Reading and Writing(1b),中村 優子,sab134111,11C,対象[26-26],,,39,2026世田谷キャンパス前期.pdf,ReadingandWriting(1b),FL-118,Reading and Writing(2b),required,共通分野,外国語科目,fuzzy,0.952
chino_joho,知能,世田谷,木,1,前期後,1,I-B,Reading and Writing(1b),秋間 聖代,sab134112,11E,対象[26-26],,,39,2026世田谷キャンパス前期.pdf,ReadingandWriting(1b),FL-118,Reading and Writing(2b),required,共通分野,外国語科目,fuzzy,0.952
chino_joho,知能,世田谷,木,1,前期後,1,I-C,Reading and Writing(1b),佐竹 幸信,sab134113,12D,対象[26-26],,,39,2026世田谷キャンパス前期.pdf,ReadingandWriting(1b),FL-118,Reading and Writing(2b),required,共通分野,外国語科目,fuzzy,0.952
chino_joho,知能,世田谷,木,1,前期後,1,I-D,Reading and Writing(1b),酒井 美江,sab134114,12C,対象[26-26],,,39,2026世田谷キャンパス前期.pdf,ReadingandWriting(1b),FL-118,Reading and Writing(2b),required,共通分野,外国語科目,fuzzy,0.952
chino_joho,知能,世田谷,木,1,前期後,1,I-E,Reading and Writing(1b),沢村 静,sab134115,13N,対象[26-26],,,39,2026世田谷キャンパス前期.pdf,ReadingandWriting(1b),FL-118,Reading and Writing(2b),required,共通分野,外国語科目,fuzzy,0.952
chino_joho,知能,世田谷,木,1,前期後,1,I-F,Reading and Writing(1b),倉持 和歌子,sab134116,12G,対象[26-26],,,39,2026世田谷キャンパス前期.pdf,ReadingandWriting(1b),FL-118,Reading and Writing(2b),required,共通分野,外国語科目,fuzzy,0.952
chino_joho,知能,世田谷,木,1,前期後,1,I-G,Reading and Writing(1b),田中 美和,sab134117,12F,対象[26-26],,,39,2026世田谷キャンパス前期.pdf,ReadingandWriting(1b),FL-118,Reading and Writing(2b),required,共通分野,外国語科目,fuzzy,0.952
chino_joho,知能,世田谷,木,1,前期後,1,I-H,Reading and Writing(1b),鴨下 恵子,sab134118,11B,対象[26-26],,,39,2026世田谷キャンパス前期.pdf,ReadingandWriting(1b),FL-118,Reading and Writing(2b),required,共通分野,外国語科目,fuzzy,0.952
chino_joho,知能,世田谷,木,1,前期後,1,I-I,Reading and Writing(1b),三幣 友行,sab134119,11D,対象[26-26],,,39,2026世田谷キャンパス前期.pdf,ReadingandWriting(1b),FL-118,Reading and Writing(2b),required,共通分野,外国語科目,fuzzy,0.952
chino_joho,知能,世田谷,木,1,前期後,2,I-I,まちの防災,諫川 輝之,sab514101,22C,対象[22-17],"対開講(木1,木2) ○",○,39,2026世田谷キャンパス前期.pdf,まちの防災,,,,,,unmatched,0
chino_joho,知能,世田谷,木,1,前期後,2,I-I,都市の安全環境,諫川 輝之,sab514101,22C,対象[25-23],"対開講(木1,木2) ○",○,39,2026世田谷キャンパス前期.pdf,都市の安全環境,,,,,,unmatched,0
chino_joho,知能,世田谷,木,1,前期後,3,I-I,環境と設備,木原 己人,sab514103,12H,対象[24-17],"対開講(木1,木2)",,39,2026世田谷キャンパス前期.pdf,環境と設備,,,,,,unmatched,0
chino_joho,知能,世田谷,木,2,前期前,1,ABC,基礎体育(1a),井村 祥子 栗原 祐二 佐々木 圭,saa514204,-,対象[26-22],,,39,2026世田谷キャンパス前期.pdf,基礎体育(1a),PE-111,基礎体育(1a),elective-required,共通分野,体育科目,exact,1.0
chino_joho,知能,世田谷,木,2,前期前,3,ABC,プロジェクトマネジメント,太田 明,saa514102,12A,対象[24-17],"対開講(木1,木2)",,39,2026世田谷キャンパス前期.pdf,プロジェクトマネジメント,,,,,,unmatched,0
chino_joho,知能,世田谷,木,2,前期後,1,ABC,基礎体育(1b),井村 祥子 栗原 祐二 佐々木 圭,sab514205,-,対象[26-22],,,40,2026世田谷キャンパス前期.pdf,基礎体育(1b),PE-112,基礎体育(1b),elective-required,共通分野,体育科目,exact,1.0
chino_joho,知能,世田谷,木,2,前期後,2,ABC,まちの防災,諫川 輝之,sab514101,22C,対象[22-17],"対開講(木1,木2)",,40,2026世田谷キャンパス前期.pdf,まちの防災,,,,,,unmatched,0
chino_joho,知能,世田谷,木,2,前期後,2,ABC,都市の安全環境,諫川 輝之,sab514101,22C,対象[25-23],"対開講(木1,木2)",,40,2026世田谷キャンパス前期.pdf,都市の安全環境,,,,,,unmatched,0
chino_joho,知能,世田谷,木,2,前期後,3,ABC,環境と設備,木原 己人,sab514103,12H,対象[24-17],"対開講(木1,木2)",,40,2026世田谷キャンパス前期.pdf,環境と設備,,,,,,unmatched,0
chino_joho,知能,世田谷,木,3,前期前,1,ABC,データサイエンスリテラ シー(1),小菅 英恵,saa514302,21C,対象[26-20],"対開講(木3,木4)",,40,2026世田谷キャンパス前期.pdf,データサイエンスリテラシー(1),LA-145,データサイエンスリテラシー(1),elective,共通分野,教養科目,exact,1.0
chino_joho,知能,世田谷,木,3,前期後,1,ABC,世界の住まい,三井所 清史,sab514301,71B,対象[26-17],"対開講(木3,木4)",,40,2026世田谷キャンパス前期.pdf,世界の住まい,,,,,,unmatched,0
chino_joho,知能,世田谷,木,4,前期,3,ABC,プロジェクト演習(1),宇都 正哲,saz514403,73B,対象[24-17],"対開講(木4,木5)",,40,2026世田谷キャンパス前期.pdf,プロジェクト演習(1),,,,,,unmatched,0
chino_joho,知能,世田谷,木,4,前期,3,ABC,プロジェクト演習(1),高柳 英明,saz514406,7号館3階演,対象[24-17],"対開講(木4,木5) 習室",,40,2026世田谷キャンパス前期.pdf,プロジェクト演習(1),,,,,,unmatched,0
chino_joho,知能,世田谷,木,4,前期,3,ABC,プロジェクト演習(1),坂井 文,saz514402,72B,対象[24-17],"対開講(木4,木5)",,40,2026世田谷キャンパス前期.pdf,プロジェクト演習(1),,,,,,unmatched,0
chino_joho,知能,世田谷,木,4,前期,3,ABC,プロジェクト演習(1),坂倉 杏介,saz514415,73F,対象[24-17],"対開講(木4,木5)",,40,2026世田谷キャンパス前期.pdf,プロジェクト演習(1),,,,,,unmatched,0
chino_joho,知能,世田谷,木,4,前期,3,ABC,プロジェクト演習(1),信太 洋行 ショップA,saz514416,ワーク,対象[24-17],"対開講(木4,木5)",,40,2026世田谷キャンパス前期.pdf,プロジェクト演習(1),,,,,,unmatched,0
chino_joho,知能,世田谷,木,4,前期,3,ABC,プロジェクト演習(1),西山 敏樹,saz514418,73L,対象[24-17],"対開講(木4,木5)",,40,2026世田谷キャンパス前期.pdf,プロジェクト演習(1),,,,,,unmatched,0
chino_joho,知能,世田谷,木,4,前期,3,ABC,プロジェクト演習(1),川口 英俊,saz514404,都市フォー,対象[24-17],"対開講(木4,木5) ラム",,40,2026世田谷キャンパス前期.pdf,プロジェクト演習(1),,,,,,unmatched,0
chino_joho,知能,世田谷,木,4,前期,3,ABC,プロジェクト演習(1),太田 明,saz514409,73D,対象[24-17],"対開講(木4,木5)",,40,2026世田谷キャンパス前期.pdf,プロジェクト演習(1),,,,,,unmatched,0
chino_joho,知能,世田谷,木,4,前期,3,ABC,プロジェクト演習(1),中島 伸,saz514401,74A,対象[24-17],"対開講(木4,木5)",,40,2026世田谷キャンパス前期.pdf,プロジェクト演習(1),,,,,,unmatched,0
chino_joho,知能,世田谷,木,4,前期,3,ABC,プロジェクト演習(1),北見 幸一 ショップC,saz514412,ワーク,対象[24-17],"対開講(木4,木5)",,40,2026世田谷キャンパス前期.pdf,プロジェクト演習(1),,,,,,unmatched,0
chino_joho,知能,世田谷,木,4,前期,3,ABC,プロジェクト演習(1),末繁 雄一,saz514417,73A,対象[24-17],"対開講(木4,木5)",,40,2026世田谷キャンパス前期.pdf,プロジェクト演習(1),,,,,,unmatched,0
chino_joho,知能,世田谷,木,4,前期,3,ABC,プロジェクト演習(1),諫川 輝之 ショップB,saz514407,ワーク,対象[24-17],"対開講(木4,木5)",,40,2026世田谷キャンパス前期.pdf,プロジェクト演習(1),,,,,,unmatched,0
chino_joho,知能,世田谷,木,4,前期,3,ABC,プロジェクト演習(1),林 和眞,saz514408,73K,対象[24-17],"対開講(木4,木5)",,40,2026世田谷キャンパス前期.pdf,プロジェクト演習(1),,,,,,unmatched,0
chino_joho,知能,世田谷,木,4,前期,3,ABC,プロジェクト演習(1),ドリアンダ リーラ プロビ,saz514419,73M,対象[24-17],"対開講(木4,木5)",,40,2026世田谷キャンパス前期.pdf,プロジェクト演習(1),,,,,,unmatched,0
chino_joho,知能,世田谷,木,4,前期,3,ABC,プロジェクト演習(1),斉藤 圭 ショップD,saz514414,ワーク,対象[24-17],"対開講(木4,木5)",,40,2026世田谷キャンパス前期.pdf,プロジェクト演習(1),,,,,,unmatched,0
chino_joho,知能,世田谷,木,4,前期,3,ABC,プロジェクト演習(1),菊池 武晴,saz514405,72C,対象[24-17],"対開講(木4,木5)",,40,2026世田谷キャンパス前期.pdf,プロジェクト演習(1),,,,,,unmatched,0
chino_joho,知能,世田谷,木,4,前期,3,ABC,プロジェクト演習(1),柏原 沙織,saz514411,73G,対象[24-17],"対開講(木4,木5)",,40,2026世田谷キャンパス前期.pdf,プロジェクト演習(1),,,,,,unmatched,0
chino_joho,知能,世田谷,木,4,前期,3,ABC,プロジェクト演習(1),木村 篤信,saz514413,73J,対象[24-17],"対開講(木4,木5)",,40,2026世田谷キャンパス前期.pdf,プロジェクト演習(1),,,,,,unmatched,0
chino_joho,知能,世田谷,木,4,前期,3,ABC,プロジェクト演習(1),岡澤 由季,saz514410,73H,対象[24-17],"対開講(木4,木5)",,40,2026世田谷キャンパス前期.pdf,プロジェクト演習(1),,,,,,unmatched,0
chino_joho,知能,世田谷,木,4,前期前,1,ABC,データサイエンスリテラ シー(1),小菅 英恵,saa514302,21C,対象[26-20],"対開講(木3,木4)",,40,2026世田谷キャンパス前期.pdf,データサイエンスリテラシー(1),LA-145,データサイエンスリテラシー(1),elective,共通分野,教養科目,exact,1.0
chino_joho,知能,世田谷,木,4,前期後,1,ABC,世界の住まい,三井所 清史,sab514301,71B,対象[26-17],"対開講(木3,木4)",,40,2026世田谷キャンパス前期.pdf,世界の住まい,,,,,,unmatched,0
chino_joho,知能,世田谷,木,5,前期,3,ABC,プロジェクト演習(1),宇都 正哲,saz514403,73B,対象[24-17],"対開講(木4,木5)",,40,2026世田谷キャンパス前期.pdf,プロジェクト演習(1),,,,,,unmatched,0
chino_joho,知能,世田谷,木,5,前期,3,ABC,プロジェクト演習(1),高柳 英明,saz514406,7号館3階演,対象[24-17],"対開講(木4,木5) 習室",,40,2026世田谷キャンパス前期.pdf,プロジェクト演習(1),,,,,,unmatched,0
chino_joho,知能,世田谷,木,5,前期,3,ABC,プロジェクト演習(1),坂井 文,saz514402,72B,対象[24-17],"対開講(木4,木5)",,40,2026世田谷キャンパス前期.pdf,プロジェクト演習(1),,,,,,unmatched,0
chino_joho,知能,世田谷,木,5,前期,3,ABC,プロジェクト演習(1),坂倉 杏介,saz514415,73F,対象[24-17],"対開講(木4,木5)",,40,2026世田谷キャンパス前期.pdf,プロジェクト演習(1),,,,,,unmatched,0
chino_joho,知能,世田谷,木,5,前期,3,ABC,プロジェクト演習(1),信太 洋行 ショップA,saz514416,ワーク,対象[24-17],"対開講(木4,木5)",,40,2026世田谷キャンパス前期.pdf,プロジェクト演習(1),,,,,,unmatched,0
chino_joho,知能,世田谷,木,5,前期,3,ABC,プロジェクト演習(1),西山 敏樹,saz514418,73L,対象[24-17],"対開講(木4,木5)",,40,2026世田谷キャンパス前期.pdf,プロジェクト演習(1),,,,,,unmatched,0
chino_joho,知能,世田谷,木,5,前期,3,ABC,プロジェクト演習(1),川口 英俊,saz514404,都市フォー,対象[24-17],"対開講(木4,木5) ラム",,40,2026世田谷キャンパス前期.pdf,プロジェクト演習(1),,,,,,unmatched,0
chino_joho,知能,世田谷,木,5,前期,3,ABC,プロジェクト演習(1),太田 明,saz514409,73D,対象[24-17],"対開講(木4,木5)",,40,2026世田谷キャンパス前期.pdf,プロジェクト演習(1),,,,,,unmatched,0
chino_joho,知能,世田谷,木,5,前期,3,ABC,プロジェクト演習(1),中島 伸,saz514401,74A,対象[24-17],"対開講(木4,木5)",,40,2026世田谷キャンパス前期.pdf,プロジェクト演習(1),,,,,,unmatched,0
chino_joho,知能,世田谷,木,5,前期,3,ABC,プロジェクト演習(1),北見 幸一 ショップC,saz514412,ワーク,対象[24-17],"対開講(木4,木5)",,40,2026世田谷キャンパス前期.pdf,プロジェクト演習(1),,,,,,unmatched,0
chino_joho,知能,世田谷,木,5,前期,3,ABC,プロジェクト演習(1),末繁 雄一,saz514417,73A,対象[24-17],"対開講(木4,木5)",,40,2026世田谷キャンパス前期.pdf,プロジェクト演習(1),,,,,,unmatched,0
chino_joho,知能,世田谷,木,5,前期,3,ABC,プロジェクト演習(1),諫川 輝之 ショップB,saz514407,ワーク,対象[24-17],"対開講(木4,木5)",,40,2026世田谷キャンパス前期.pdf,プロジェクト演習(1),,,,,,unmatched,0
chino_joho,知能,世田谷,木,5,前期,3,ABC,プロジェクト演習(1),林 和眞,saz514408,73K,対象[24-17],"対開講(木4,木5)",,40,2026世田谷キャンパス前期.pdf,プロジェクト演習(1),,,,,,unmatched,0
chino_joho,知能,世田谷,木,5,前期,3,ABC,プロジェクト演習(1),ドリアンダ リーラ プロビ,saz514419,73M,対象[24-17],"対開講(木4,木5)",,40,2026世田谷キャンパス前期.pdf,プロジェクト演習(1),,,,,,unmatched,0
chino_joho,知能,世田谷,木,5,前期,3,ABC,プロジェクト演習(1),斉藤 圭 ショップD,saz514414,ワーク,対象[24-17],"対開講(木4,木5)",,40,2026世田谷キャンパス前期.pdf,プロジェクト演習(1),,,,,,unmatched,0
chino_joho,知能,世田谷,木,5,前期,3,ABC,プロジェクト演習(1),菊池 武晴,saz514405,72C,対象[24-17],"対開講(木4,木5)",,40,2026世田谷キャンパス前期.pdf,プロジェクト演習(1),,,,,,unmatched,0
chino_joho,知能,世田谷,木,5,前期,3,ABC,プロジェクト演習(1),柏原 沙織,saz514411,73G,対象[24-17],"対開講(木4,木5)",,40,2026世田谷キャンパス前期.pdf,プロジェクト演習(1),,,,,,unmatched,0
chino_joho,知能,世田谷,木,5,前期,3,ABC,プロジェクト演習(1),木村 篤信,saz514413,73J,対象[24-17],"対開講(木4,木5)",,40,2026世田谷キャンパス前期.pdf,プロジェクト演習(1),,,,,,unmatched,0
chino_joho,知能,世田谷,木,5,前期,3,ABC,プロジェクト演習(1),岡澤 由季,saz514410,73H,対象[24-17],"対開講(木4,木5)",,40,2026世田谷キャンパス前期.pdf,プロジェクト演習(1),,,,,,unmatched,0
chino_joho,知能,世田谷,金,1,前期,1,A,空間デザイン演習(1),"中島 伸 ラム,7号館 3階演習室",saz515101,都市フォー,対象[26-17],"対開講(金1,金2)",,40,2026世田谷キャンパス前期.pdf,空間デザイン演習(1),,,,,,unmatched,0
chino_joho,知能,世田谷,金,1,前期,1,B,空間デザイン演習(1),"山本 陽一 ラム,7号館 3階演習室",saz515102,都市フォー,対象[26-17],"対開講(金1,金2)",,40,2026世田谷キャンパス前期.pdf,空間デザイン演習(1),,,,,,unmatched,0
chino_joho,知能,世田谷,金,1,前期,1,C,空間デザイン演習(1),"赤地 寿介 ラム,7号館 3階演習室",saz515103,都市フォー,対象[26-17],"対開講(金1,金2)",,40,2026世田谷キャンパス前期.pdf,空間デザイン演習(1),,,,,,unmatched,0
chino_joho,知能,世田谷,金,1,前期前,3,C,都市計画(2),柏原 沙織,saa515104,71B,対象[24-17],"対開講(金1,金2)",,40,2026世田谷キャンパス前期.pdf,都市計画(2),,,,,,unmatched,0
chino_joho,知能,世田谷,金,1,前期後,3,C,経営財務,岡澤 由季,sab515105,71B,対象[24-19],"対開講(金1,金2)",,40,2026世田谷キャンパス前期.pdf,経営財務,,,,,,unmatched,0
chino_joho,知能,世田谷,金,1,前期後,3,C,簿記論,岡澤 由季,sab515105,71B,対象[18-17],"対開講(金1,金2)",,40,2026世田谷キャンパス前期.pdf,簿記論,,,,,,unmatched,0
chino_joho,知能,世田谷,金,2,前期,1,A,空間デザイン演習(1),"中島 伸 ラム,7号館 3階演習室",saz515101,都市フォー,対象[26-17],"対開講(金1,金2)",,40,2026世田谷キャンパス前期.pdf,空間デザイン演習(1),,,,,,unmatched,0
chino_joho,知能,世田谷,金,2,前期,1,B,空間デザイン演習(1),"山本 陽一 ラム,7号館 3階演習室",saz515102,都市フォー,対象[26-17],"対開講(金1,金2)",,40,2026世田谷キャンパス前期.pdf,空間デザイン演習(1),,,,,,unmatched,0
chino_joho,知能,世田谷,金,2,前期,1,C,空間デザイン演習(1),"赤地 寿介 ラム,7号館 3階演習室",saz515103,都市フォー,対象[26-17],"対開講(金1,金2)",,40,2026世田谷キャンパス前期.pdf,空間デザイン演習(1),,,,,,unmatched,0
chino_joho,知能,世田谷,金,2,前期前,3,C,都市計画(2),柏原 沙織,saa515104,71B,対象[24-17],"対開講(金1,金2)",,40,2026世田谷キャンパス前期.pdf,都市計画(2),,,,,,unmatched,0
chino_joho,知能,世田谷,金,2,前期後,3,C,経営財務,岡澤 由季,sab515105,71B,対象[24-19],"対開講(金1,金2)",,40,2026世田谷キャンパス前期.pdf,経営財務,,,,,,unmatched,0
chino_joho,知能,世田谷,金,2,前期後,3,C,簿記論,岡澤 由季,sab515105,71B,対象[18-17],"対開講(金1,金2)",,40,2026世田谷キャンパス前期.pdf,簿記論,,,,,,unmatched,0
chino_joho,知能,世田谷,金,3,前期,1,D,空間デザイン演習(1),"中島 伸 ラム,7号館 3階演習室",saz515302,都市フォー,対象[26-17],"対開講(金3,金4)",,40,2026世田谷キャンパス前期.pdf,空間デザイン演習(1),,,,,,unmatched,0
chino_joho,知能,世田谷,金,3,前期,1,E,空間デザイン演習(1),"山田 智彦 ラム,7号館 3階演習室",saz515303,都市フォー,対象[26-17],"対開講(金3,金4)",,40,2026世田谷キャンパス前期.pdf,空間デザイン演習(1),,,,,,unmatched,0
chino_joho,知能,世田谷,金,3,前期,1,F,空間デザイン演習(1),"添田 貴之 ラム,7号館 3階演習室",saz515304,都市フォー,対象[26-17],"対開講(金3,金4)",,40,2026世田谷キャンパス前期.pdf,空間デザイン演習(1),,,,,,unmatched,0
chino_joho,知能,世田谷,金,3,前期前,2,F,建築材料 信太,洋行,saa515301,71A,対象[25-17],"対開講(金3,金4)",,40,2026世田谷キャンパス前期.pdf,建築材料信太,,,,,,unmatched,0
chino_joho,知能,世田谷,金,3,前期後,2,F,コミュニティマネジメント 坂倉,杏介,sab515305,71A,対象[25-17],"対開講(金3,金4)",,40,2026世田谷キャンパス前期.pdf,コミュニティマネジメント坂倉,,,,,,unmatched,0
chino_joho,知能,世田谷,金,4,前期,1,D,空間デザイン演習(1) 中島,"伸 ラム,7号館 3階演習室",saz515302,都市フォー,対象[26-17],"対開講(金3,金4)",,40,2026世田谷キャンパス前期.pdf,空間デザイン演習(1)中島,,,,,,unmatched,0
chino_joho,知能,世田谷,金,4,前期,1,E,空間デザイン演習(1),"山田 智彦 ラム,7号館 3階演習室",saz515303,都市フォー,対象[26-17],"対開講(金3,金4)",,40,2026世田谷キャンパス前期.pdf,空間デザイン演習(1),,,,,,unmatched,0
chino_joho,知能,世田谷,金,4,前期,1,F,空間デザイン演習(1),"添田 貴之 ラム,7号館 3階演習室",saz515304,都市フォー,対象[26-17],"対開講(金3,金4)",,40,2026世田谷キャンパス前期.pdf,空間デザイン演習(1),,,,,,unmatched,0
chino_joho,知能,世田谷,金,4,前期前,2,F,建築材料 信太,洋行,saa515301,71A,対象[25-17],"対開講(金3,金4)",,40,2026世田谷キャンパス前期.pdf,建築材料信太,,,,,,unmatched,0
chino_joho,知能,世田谷,金,4,前期後,2,F,コミュニティマネジメント 坂倉,杏介,sab515305,71A,対象[25-17],"対開講(金3,金4)",,40,2026世田谷キャンパス前期.pdf,コミュニティマネジメント坂倉,,,,,,unmatched,0
chino_joho,知能,世田谷,金,4,前集中,4,F,卒業研究(1) 西山 坂井 宇都 岡澤,敏樹 文 正哲 由季,saz517601,-,対象[23-19],,,41,2026世田谷キャンパス前期.pdf,卒業研究(1)西山坂井宇都岡澤,,,,,,unmatched,0
chino_joho,知能,世田谷,金,4,前集中,4,F,卒業研究(2) 西山 坂井 宇都 岡澤,敏樹 文 正哲 由季,saz517602,-,対象[23-19],,,41,2026世田谷キャンパス前期.pdf,卒業研究(2)西山坂井宇都岡澤,,,,,,unmatched,0
chino_joho,知能,世田谷,金,4,通年,4,F,卒業研究 西山 坂井 宇都 岡澤,敏樹 文 正哲 由季,szz517605,-,対象[18-17],,,41,2026世田谷キャンパス前期.pdf,卒業研究西山坂井宇都岡澤,,,,,,unmatched,0
