id,title,credits,raw_required,category,group,courseType,sourceKind,sourceFile,sourceLine,sourceQuality,aliases,notes
LA-111,哲学(1),2,G,共通分野,教養科目,elective,curriculum,afd7c5631753ad09f074370a0eaa9524.pdf,哲学(1)              Ｇ        2    2                                        LA-111   25     30   10   15   20,pdf_curriculum_table,,source_key=common_setagaya_engineering
LA-112,哲学(2),2,G,共通分野,教養科目,elective,curriculum,afd7c5631753ad09f074370a0eaa9524.pdf,哲学(2)              Ｇ        2         2                                   LA-112   5      50   15   20   10,pdf_curriculum_table,,source_key=common_setagaya_engineering
LA-113,倫理学(1),2,,共通分野,教養科目,elective,curriculum,afd7c5631753ad09f074370a0eaa9524.pdf,倫理学(1)                      2   2                                         LA-113   30     50   10   0    10,pdf_curriculum_table,,source_key=common_setagaya_engineering
LA-114,倫理学(2),2,,共通分野,教養科目,elective,curriculum,afd7c5631753ad09f074370a0eaa9524.pdf,倫理学(2)                      2         2                                   LA-114   20     50   10   10   10,pdf_curriculum_table,,source_key=common_setagaya_engineering
LA-115,倫理学(a),1,,共通分野,教養科目,elective,curriculum,afd7c5631753ad09f074370a0eaa9524.pdf,倫理学(a)                      1         1                                   LA-115   20     20   10   20   30,pdf_curriculum_table,,source_key=common_setagaya_engineering
LA-116,倫理学(b),1,,共通分野,教養科目,elective,curriculum,afd7c5631753ad09f074370a0eaa9524.pdf,倫理学(b)                      1          1                                  LA-116   20     20   10   20   30,pdf_curriculum_table,,source_key=common_setagaya_engineering
LA-117,文化人類学,2,,共通分野,教養科目,elective,curriculum,afd7c5631753ad09f074370a0eaa9524.pdf,文化人類学                       2         2                                   LA-117   25     20   15   20   20,pdf_curriculum_table,,source_key=common_setagaya_engineering
LA-118,視覚芸術史(1),2,G,共通分野,教養科目,elective,curriculum,afd7c5631753ad09f074370a0eaa9524.pdf,視覚芸術史(1)           Ｇ        2   2                                         LA-118   30     30   0    0    40,pdf_curriculum_table,,source_key=common_setagaya_engineering
LA-119,視覚芸術史(2),2,G,共通分野,教養科目,elective,curriculum,afd7c5631753ad09f074370a0eaa9524.pdf,視覚芸術史(2)           Ｇ        2         2                                   LA-119   30     30   0    0    40,pdf_curriculum_table,,source_key=common_setagaya_engineering
LA-211,デザイン概論(1),2,G,共通分野,教養科目,elective,curriculum,afd7c5631753ad09f074370a0eaa9524.pdf,デザイン概論(1)          Ｇ        2               2                             LA-211   30     20   30   0    20,pdf_curriculum_table,,source_key=common_setagaya_engineering
LA-212,デザイン概論(2),2,G,共通分野,教養科目,elective,curriculum,afd7c5631753ad09f074370a0eaa9524.pdf,系   デザイン概論(2)          Ｇ        2                    2                        LA-212   30     10   30   0    30,pdf_curriculum_table,,source_key=common_setagaya_engineering
LA-213,日本文学,2,G,共通分野,教養科目,elective,curriculum,afd7c5631753ad09f074370a0eaa9524.pdf,日本文学               Ｇ        2               2                             LA-213   10     30   20   0    40,pdf_curriculum_table,,source_key=common_setagaya_engineering
LA-11A,日本史(1),2,G,共通分野,教養科目,elective,curriculum,afd7c5631753ad09f074370a0eaa9524.pdf,日本史(1)             Ｇ        2   2                                         LA-11A   10     35   10   10   35,pdf_curriculum_table,,source_key=common_setagaya_engineering
LA-11B,日本史(2),2,G,共通分野,教養科目,elective,curriculum,afd7c5631753ad09f074370a0eaa9524.pdf,日本史(2)             Ｇ        2         2                                   LA-11B   10     35   10   10   35,pdf_curriculum_table,,source_key=common_setagaya_engineering
LA-11C,西洋史(1),2,G,共通分野,教養科目,elective,curriculum,afd7c5631753ad09f074370a0eaa9524.pdf,西洋史(1)             Ｇ        2   2                                         LA-11C   20     30   0    20   30,pdf_curriculum_table,,source_key=common_setagaya_engineering
LA-11D,西洋史(2),2,G,共通分野,教養科目,elective,curriculum,afd7c5631753ad09f074370a0eaa9524.pdf,西洋史(2)             Ｇ        2         2                                   LA-11D   20     30   0    20   30,pdf_curriculum_table,,source_key=common_setagaya_engineering
LA-11E,民俗学(a),1,G,共通分野,教養科目,elective,curriculum,afd7c5631753ad09f074370a0eaa9524.pdf,民俗学(a)             Ｇ        1         1                                   LA-11E   25     15   15   20   25,pdf_curriculum_table,,source_key=common_setagaya_engineering
LA-11F,民俗学(b),1,G,共通分野,教養科目,elective,curriculum,afd7c5631753ad09f074370a0eaa9524.pdf,民俗学(b)             Ｇ        1          1                                  LA-11F   25     15   15   20   25,pdf_curriculum_table,,source_key=common_setagaya_engineering
LA-11G,宗教学,2,G,共通分野,教養科目,elective,curriculum,afd7c5631753ad09f074370a0eaa9524.pdf,宗教学                Ｇ        2   2                                         LA-11G   30     20   0    0    50,pdf_curriculum_table,,source_key=common_setagaya_engineering
LA-121,社会学(1a),1,,共通分野,教養科目,elective,curriculum,afd7c5631753ad09f074370a0eaa9524.pdf,社会学(1a)                     1   1                                         LA-121   10     15   15   0    60,pdf_curriculum_table,,source_key=common_setagaya_engineering
LA-122,社会学(1b),1,,共通分野,教養科目,elective,curriculum,afd7c5631753ad09f074370a0eaa9524.pdf,社会学(1b)                     1    1                                        LA-122   10     15   15   0    60,pdf_curriculum_table,,source_key=common_setagaya_engineering
LA-123,社会学(2a),1,,共通分野,教養科目,elective,curriculum,afd7c5631753ad09f074370a0eaa9524.pdf,社会学(2a)                     1         1                                   LA-123   10     15   15   0    60,pdf_curriculum_table,,source_key=common_setagaya_engineering
LA-124,社会学(2b),1,,共通分野,教養科目,elective,curriculum,afd7c5631753ad09f074370a0eaa9524.pdf,教       社会学(2b)                     1          1                                  LA-124   10     5    15   20   50,pdf_curriculum_table,,source_key=common_setagaya_engineering
LA-125,社会学入門(a),1,,共通分野,教養科目,elective,curriculum,afd7c5631753ad09f074370a0eaa9524.pdf,養       社会学入門(a)                    1   1                                         LA-125   10     20   10   20   40,pdf_curriculum_table,,source_key=common_setagaya_engineering
LA-126,社会学入門(b),1,,共通分野,教養科目,elective,curriculum,afd7c5631753ad09f074370a0eaa9524.pdf,科       社会学入門(b)                    1    1                                        LA-126   10     20   10   20   40,pdf_curriculum_table,,source_key=common_setagaya_engineering
LA-127,経済学(1a),1,,共通分野,教養科目,elective,curriculum,afd7c5631753ad09f074370a0eaa9524.pdf,経済学(1a)                     1    1                                        LA-127   10     45   0    0    45,pdf_curriculum_table,,source_key=common_setagaya_engineering
LA-128,経済学(1b),1,,共通分野,教養科目,elective,curriculum,afd7c5631753ad09f074370a0eaa9524.pdf,経済学(1b)                     1    1                                        LA-128   10     45   0    0    45,pdf_curriculum_table,,source_key=common_setagaya_engineering
LA-129,経済学(2a),1,,共通分野,教養科目,elective,curriculum,afd7c5631753ad09f074370a0eaa9524.pdf,経済学(2a)                     1         1                                   LA-129   10     45   0    0    45,pdf_curriculum_table,,source_key=common_setagaya_engineering
LA-12A,経済学(2b),1,,共通分野,教養科目,elective,curriculum,afd7c5631753ad09f074370a0eaa9524.pdf,経済学(2b)                     1          1                                  LA-12A   10     45   0    0    45,pdf_curriculum_table,,source_key=common_setagaya_engineering
LA-321,日本経済論(a),1,G,共通分野,教養科目,elective,curriculum,afd7c5631753ad09f074370a0eaa9524.pdf,日本経済論(a)           Ｇ        1                         1                   LA-321   0      15   15   15   55,pdf_curriculum_table,,source_key=common_setagaya_engineering
LA-322,日本経済論(b),1,G,共通分野,教養科目,elective,curriculum,afd7c5631753ad09f074370a0eaa9524.pdf,日本経済論(b)           Ｇ        1                         1                   LA-322   0      15   15   15   55,pdf_curriculum_table,,source_key=common_setagaya_engineering
LA-12B,政治学(1a),1,,共通分野,教養科目,elective,curriculum,afd7c5631753ad09f074370a0eaa9524.pdf,政治学(1a)                     1   1                                         LA-12B   15     30   15   20   20,pdf_curriculum_table,,source_key=common_setagaya_engineering
LA-12C,政治学(1b),1,,共通分野,教養科目,elective,curriculum,afd7c5631753ad09f074370a0eaa9524.pdf,会   政治学(1b)                     1    1                                        LA-12C   15     30   15   20   20,pdf_curriculum_table,,source_key=common_setagaya_engineering
LA-12D,政治学(2a),1,,共通分野,教養科目,elective,curriculum,afd7c5631753ad09f074370a0eaa9524.pdf,科   政治学(2a)                     1         1                                   LA-12D   15     30   15   20   20,pdf_curriculum_table,,source_key=common_setagaya_engineering
LA-12E,政治学(2b),1,,共通分野,教養科目,elective,curriculum,afd7c5631753ad09f074370a0eaa9524.pdf,学   政治学(2b)                     1          1                                  LA-12E   15     30   15   20   20,pdf_curriculum_table,,source_key=common_setagaya_engineering
LA-221,日本の政治(a),1,G,共通分野,教養科目,elective,curriculum,afd7c5631753ad09f074370a0eaa9524.pdf,日本の政治(a)           Ｇ        1               1                             LA-221   10     35   10   10   35,pdf_curriculum_table,,source_key=common_setagaya_engineering
LA-222,日本の政治(b),1,G,共通分野,教養科目,elective,curriculum,afd7c5631753ad09f074370a0eaa9524.pdf,日本の政治(b)           Ｇ        1               1                             LA-222   10     35   10   10   35,pdf_curriculum_table,,source_key=common_setagaya_engineering
LA-12F,国際関係論(1a),1,G,共通分野,教養科目,elective,curriculum,afd7c5631753ad09f074370a0eaa9524.pdf,国際関係論(1a)          Ｇ        1   1                                         LA-12F   23     25   15   15   22,pdf_curriculum_table,,source_key=common_setagaya_engineering
LA-12G,国際関係論(1b),1,G,共通分野,教養科目,elective,curriculum,afd7c5631753ad09f074370a0eaa9524.pdf,国際関係論(1b)          Ｇ        1    1                                        LA-12G   23     25   15   15   22,pdf_curriculum_table,,source_key=common_setagaya_engineering
LA-12H,国際関係論(2a),1,G,共通分野,教養科目,elective,curriculum,afd7c5631753ad09f074370a0eaa9524.pdf,国際関係論(2a)          Ｇ        1         1                                   LA-12H   23     25   15   15   22,pdf_curriculum_table,,source_key=common_setagaya_engineering
LA-12I,国際関係論(2b),1,G,共通分野,教養科目,elective,curriculum,afd7c5631753ad09f074370a0eaa9524.pdf,国際関係論(2b)          Ｇ        1          1                                  LA-12I   23     25   15   15   22,pdf_curriculum_table,,source_key=common_setagaya_engineering
LA-12J,日本国憲法,2,,共通分野,教養科目,elective,curriculum,afd7c5631753ad09f074370a0eaa9524.pdf,日本国憲法                       2   2     (2)                                 LA-12J   25     25   25   0    25,pdf_curriculum_table,,source_key=common_setagaya_engineering
LA-12K,法学,2,,共通分野,教養科目,elective,curriculum,afd7c5631753ad09f074370a0eaa9524.pdf,法学                          2    2                                        LA-12K   25     25   25   0    25,pdf_curriculum_table,,source_key=common_setagaya_engineering
LA-12L,民法,2,,共通分野,教養科目,elective,curriculum,afd7c5631753ad09f074370a0eaa9524.pdf,民法                          2         2                                   LA-12L   25     25   25   0    25,pdf_curriculum_table,,source_key=common_setagaya_engineering
LA-12M,西洋経済史,2,G,共通分野,教養科目,elective,curriculum,afd7c5631753ad09f074370a0eaa9524.pdf,西洋経済史              Ｇ        2   (2)    2                                  LA-12M   20     30   0    20   30,pdf_curriculum_table,,source_key=common_setagaya_engineering
LA-12N,人文地理学(a),1,,共通分野,教養科目,elective,curriculum,afd7c5631753ad09f074370a0eaa9524.pdf,人文地理学(a)                    1   1                                         LA-12N   30     10   20   10   30,pdf_curriculum_table,,source_key=common_setagaya_engineering
LA-12O,人文地理学(b),1,,共通分野,教養科目,elective,curriculum,afd7c5631753ad09f074370a0eaa9524.pdf,人文地理学(b)                    1    1                                        LA-12O   30     10   20   10   30,pdf_curriculum_table,,source_key=common_setagaya_engineering
LA-12P,現代中国論,2,G,共通分野,教養科目,elective,curriculum,afd7c5631753ad09f074370a0eaa9524.pdf,現代中国論              Ｇ        2         2                                   LA-12P   10     35   10   10   35,pdf_curriculum_table,,source_key=common_setagaya_engineering
LA-131,教育学(1a),1,,共通分野,教養科目,elective,curriculum,afd7c5631753ad09f074370a0eaa9524.pdf,教育学(1a)                                1     1                                          LA-131   20     30    0   30   20,pdf_curriculum_table,,source_key=common_setagaya_engineering
LA-132,教育学(1b),1,,共通分野,教養科目,elective,curriculum,afd7c5631753ad09f074370a0eaa9524.pdf,教育学(1b)                                1      1                                         LA-132   20     30    0   30   20,pdf_curriculum_table,,source_key=common_setagaya_engineering
LA-133,教育学(2a),1,,共通分野,教養科目,elective,curriculum,afd7c5631753ad09f074370a0eaa9524.pdf,教育学(2a)                                1           1                                    LA-133   20     30    0   30   20,pdf_curriculum_table,,source_key=common_setagaya_engineering
LA-134,教育学(2b),1,,共通分野,教養科目,elective,curriculum,afd7c5631753ad09f074370a0eaa9524.pdf,教育学(2b)                                1            1                                   LA-134   20     30    0   30   20   共通,pdf_curriculum_table,,source_key=common_setagaya_engineering
LA-135,スポーツ・健康論,2,,共通分野,教養科目,elective,curriculum,afd7c5631753ad09f074370a0eaa9524.pdf,スポーツ・健康論                               2     2     (2)                                  LA-135   40     20   30   0    10,pdf_curriculum_table,,source_key=common_setagaya_engineering
LA-136,心理学(1a),1,,共通分野,教養科目,elective,curriculum,afd7c5631753ad09f074370a0eaa9524.pdf,心理学(1a)                                1     1                                          LA-136   10     50    0   20   20,pdf_curriculum_table,,source_key=common_setagaya_engineering
LA-137,心理学(1b),1,,共通分野,教養科目,elective,curriculum,afd7c5631753ad09f074370a0eaa9524.pdf,心理学(1b)                                1      1                                         LA-137   10     50    0   20   20,pdf_curriculum_table,,source_key=common_setagaya_engineering
LA-138,心理学(2a),1,,共通分野,教養科目,elective,curriculum,afd7c5631753ad09f074370a0eaa9524.pdf,間   心理学(2a)                                1           1                                    LA-138   10     50    0   20   20,pdf_curriculum_table,,source_key=common_setagaya_engineering
LA-139,心理学(2b),1,,共通分野,教養科目,elective,curriculum,afd7c5631753ad09f074370a0eaa9524.pdf,科   心理学(2b)                                1            1                                   LA-139   10     50    0   20   20,pdf_curriculum_table,,source_key=common_setagaya_engineering
LA-13C,心理学入門,2,,共通分野,教養科目,elective,curriculum,afd7c5631753ad09f074370a0eaa9524.pdf,学   心理学入門                                  2     2                                          LA-13C   20     10   10   20   40,pdf_curriculum_table,,source_key=common_setagaya_engineering
LA-13D,社会とジェンダー(a),1,,共通分野,教養科目,elective,curriculum,afd7c5631753ad09f074370a0eaa9524.pdf,社会とジェンダー(a)                            1           1                                    LA-13D   20     20   20   20   20,pdf_curriculum_table,,source_key=common_setagaya_engineering
LA-13E,社会とジェンダー(b),1,,共通分野,教養科目,elective,curriculum,afd7c5631753ad09f074370a0eaa9524.pdf,社会とジェンダー(b)                            1            1                                   LA-13E   20     20   20   20   20,pdf_curriculum_table,,source_key=common_setagaya_engineering
LA-331,国際化と異文化理解(a),1,G,共通分野,教養科目,elective,curriculum,afd7c5631753ad09f074370a0eaa9524.pdf,国際化と異文化理解(a)                Ｇ          1                                 1              LA-331   10     30   10   20   30,pdf_curriculum_table,,source_key=common_setagaya_engineering
LA-332,国際化と異文化理解(b),1,G,共通分野,教養科目,elective,curriculum,afd7c5631753ad09f074370a0eaa9524.pdf,国際化と異文化理解(b)                Ｇ          1                                 1              LA-332   10     30   10   20   30,pdf_curriculum_table,,source_key=common_setagaya_engineering
LA-13F,日本文化の伝承(a),1,G,共通分野,教養科目,elective,curriculum,afd7c5631753ad09f074370a0eaa9524.pdf,日本文化の伝承(a)                  Ｇ          1           1                                    LA-13F   10     30   10   10   40,pdf_curriculum_table,,source_key=common_setagaya_engineering
LA-13G,日本文化の伝承(b),1,G,共通分野,教養科目,elective,curriculum,afd7c5631753ad09f074370a0eaa9524.pdf,日本文化の伝承(b)                  Ｇ          1            1                                   LA-13G   10     30   10   10   40,pdf_curriculum_table,,source_key=common_setagaya_engineering
LA-13H,日本文化論,2,G,共通分野,教養科目,elective,curriculum,afd7c5631753ad09f074370a0eaa9524.pdf,目            日本文化論                       Ｇ          2     2     (2)                                  LA-13H   25     30   15   20   10,pdf_curriculum_table,,source_key=common_setagaya_engineering
LA-145,データサイエンスリテラシー(1),1,※DS,共通分野,教養科目,elective,curriculum,afd7c5631753ad09f074370a0eaa9524.pdf,データサイエンスリテラシー(1)            ※DS        1      2    (2)                                  LA-145   25     15   25   20   15,pdf_curriculum_table,,source_key=common_setagaya_engineering
LA-241,データサイエンスリテラシー(2),1,※DS,共通分野,教養科目,elective,curriculum,afd7c5631753ad09f074370a0eaa9524.pdf,データサイエンスリテラシー(2)            ※DS        1     (2)   2                                    LA-241   25     15   25   20   15,pdf_curriculum_table,,source_key=common_setagaya_engineering
LA-141,論理学(1a),1,,共通分野,教養科目,elective,curriculum,afd7c5631753ad09f074370a0eaa9524.pdf,報 自 論理学(1a)                                 1     1                                          LA-141   35     35    0   0    30,pdf_curriculum_table,,source_key=common_setagaya_engineering
LA-142,論理学(1b),1,,共通分野,教養科目,elective,curriculum,afd7c5631753ad09f074370a0eaa9524.pdf,科 然 論理学(1b)                                 1      1                                         LA-142   35     35    0   0    30,pdf_curriculum_table,,source_key=common_setagaya_engineering
LA-143,論理学(2a),1,,共通分野,教養科目,elective,curriculum,afd7c5631753ad09f074370a0eaa9524.pdf,学 ・ 論理学(2a)                                 1           1                                    LA-143   35     35    0   0    30,pdf_curriculum_table,,source_key=common_setagaya_engineering
LA-144,論理学(2b),1,,共通分野,教養科目,elective,curriculum,afd7c5631753ad09f074370a0eaa9524.pdf,論理学(2b)                                 1            1                                   LA-144   35     35    0   0    30,pdf_curriculum_table,,source_key=common_setagaya_engineering
LA-243,生活とメディア,2,,共通分野,教養科目,elective,curriculum,afd7c5631753ad09f074370a0eaa9524.pdf,生活とメディア                                2                 2                              LA-243   25     25   25   0    25,pdf_curriculum_table,,source_key=common_setagaya_engineering
LA-951,ボランティア(1),1,,共通分野,教養科目,elective,curriculum,afd7c5631753ad09f074370a0eaa9524.pdf,ボランティア(1)                              1                                                LA-951   25     15   15   25   20,pdf_curriculum_table,,source_key=common_setagaya_engineering
LA-952,ボランティア(2),1,,共通分野,教養科目,elective,curriculum,afd7c5631753ad09f074370a0eaa9524.pdf,ボランティア(2)                              1                                                LA-952   25     15   15   25   20,pdf_curriculum_table,,source_key=common_setagaya_engineering
LA-953,教養ゼミナール(1),2,,共通分野,教養科目,elective,curriculum,afd7c5631753ad09f074370a0eaa9524.pdf,そ   教養ゼミナール(1)                             2     2     (2)                                  LA-953   20     20   20   20   20,pdf_curriculum_table,,source_key=common_setagaya_engineering
LA-954,教養ゼミナール(2),2,,共通分野,教養科目,elective,curriculum,afd7c5631753ad09f074370a0eaa9524.pdf,の   教養ゼミナール(2)                             2      2    (2)                                  LA-954   20     20   20   20   20,pdf_curriculum_table,,source_key=common_setagaya_engineering
LA-956,教養特別講義(2),2,,共通分野,教養科目,elective,curriculum,afd7c5631753ad09f074370a0eaa9524.pdf,教養特別講義(2)                              2      2    (2)                                  LA-956   20     20   20   20   20,pdf_curriculum_table,,source_key=common_setagaya_engineering
LA-957,教養特別講義(3),2,,共通分野,教養科目,elective,curriculum,afd7c5631753ad09f074370a0eaa9524.pdf,教養特別講義(3)                              2      2    (2)                                  LA-957   20     20   20   20   20,pdf_curriculum_table,,source_key=common_setagaya_engineering
PE-111,基礎体育(1a),0.5,△,共通分野,体育科目,elective-required,curriculum,afd7c5631753ad09f074370a0eaa9524.pdf,基礎体育(1a)                          △    0.5   1                                          PE-111   20     0     0   60   20,pdf_curriculum_table,,source_key=common_setagaya_engineering
PE-112,基礎体育(1b),0.5,△,共通分野,体育科目,elective-required,curriculum,afd7c5631753ad09f074370a0eaa9524.pdf,体        基礎体育(1b)                          △    0.5    1                                         PE-112   20     0     0   60   20,pdf_curriculum_table,,source_key=common_setagaya_engineering
PE-113,基礎体育(2a),0.5,△,共通分野,体育科目,elective-required,curriculum,afd7c5631753ad09f074370a0eaa9524.pdf,育        基礎体育(2a)                          △    0.5         1                                    PE-113   20     0     0   60   20,pdf_curriculum_table,,source_key=common_setagaya_engineering
PE-114,基礎体育(2b),0.5,△,共通分野,体育科目,elective-required,curriculum,afd7c5631753ad09f074370a0eaa9524.pdf,科        基礎体育(2b)                          △    0.5          1                                   PE-114   20     0     0   60   20,pdf_curriculum_table,,source_key=common_setagaya_engineering
PE-211,応用体育(1),1,,共通分野,体育科目,elective,curriculum,afd7c5631753ad09f074370a0eaa9524.pdf,応用体育(1)                                1                 2    (2)                       PE-211   20     0     0   60   20,pdf_curriculum_table,,source_key=common_setagaya_engineering
PE-212,応用体育(2),1,,共通分野,体育科目,elective,curriculum,afd7c5631753ad09f074370a0eaa9524.pdf,応用体育(2)                                1                 2    (2)                       PE-212   20     0     0   60   20,pdf_curriculum_table,,source_key=common_setagaya_engineering
FL-117,Reading and Writing(2a),0.5,○,共通分野,外国語科目,required,curriculum,afd7c5631753ad09f074370a0eaa9524.pdf,外        科   Reading and Writing(2a)           ○    0.5         1                                    FL-117   20     30   10   10   30,pdf_curriculum_table,,source_key=common_setagaya_engineering
FL-118,Reading and Writing(2b),0.5,○,共通分野,外国語科目,required,curriculum,afd7c5631753ad09f074370a0eaa9524.pdf,Reading and Writing(2b)           ○    0.5          1                                   FL-118   20     30   10   10   30,pdf_curriculum_table,,source_key=common_setagaya_engineering
FL-217,Test Taking Skills(1a),1,,共通分野,外国語科目,elective,curriculum,afd7c5631753ad09f074370a0eaa9524.pdf,Test Taking Skills(1a)                  1             1    (1)                       FL-217   20     30   10   10   30,pdf_curriculum_table,,source_key=common_setagaya_engineering
FL-218,Test Taking Skills(1b),1,,共通分野,外国語科目,elective,curriculum,afd7c5631753ad09f074370a0eaa9524.pdf,Test Taking Skills(1b)                  1             1    (1)                       FL-218   20     30   10   10   30,pdf_curriculum_table,,source_key=common_setagaya_engineering
FL-219,Test Taking Skills(2a),1,,共通分野,外国語科目,elective,curriculum,afd7c5631753ad09f074370a0eaa9524.pdf,Test Taking Skills(2a)                  1             1    (1)                       FL-219   20     30   10   10   30,pdf_curriculum_table,,source_key=common_setagaya_engineering
FL-22A,Test Taking Skills(2b),1,,共通分野,外国語科目,elective,curriculum,afd7c5631753ad09f074370a0eaa9524.pdf,Test Taking Skills(2b)                  1             1    (1)                       FL-22A   20     30   10   10   30,pdf_curriculum_table,,source_key=common_setagaya_engineering
FL-22B,Critical Reading(1a),1,,共通分野,外国語科目,elective,curriculum,afd7c5631753ad09f074370a0eaa9524.pdf,Critical Reading(1a)                    1             1    (1)                       FL-22B   20     30   10   10   30,pdf_curriculum_table,,source_key=common_setagaya_engineering
FL-22C,Critical Reading(1b),1,,共通分野,外国語科目,elective,curriculum,afd7c5631753ad09f074370a0eaa9524.pdf,Critical Reading(1b)                    1             1    (1)                       FL-22C   20     30   10   10   30,pdf_curriculum_table,,source_key=common_setagaya_engineering
FL-21F,Critical Listening(1a),1,,共通分野,外国語科目,elective,curriculum,afd7c5631753ad09f074370a0eaa9524.pdf,語   Critical Listening(1a)                  1             1    (1)                       FL-21F   20     30   10   10   30,pdf_curriculum_table,,source_key=common_setagaya_engineering
FL-21G,Critical Listening(1b),1,,共通分野,外国語科目,elective,curriculum,afd7c5631753ad09f074370a0eaa9524.pdf,科   Critical Listening(1b)                  1             1    (1)                       FL-21G   20     30   10   10   30,pdf_curriculum_table,,source_key=common_setagaya_engineering
FL-21J,Communication Strategies(1a),1,,共通分野,外国語科目,elective,curriculum,afd7c5631753ad09f074370a0eaa9524.pdf,）   Communication Strategies(1a)            1             1    (1)                       FL-21J   20     30   10   10   30,pdf_curriculum_table,,source_key=common_setagaya_engineering
FL-21K,Communication Strategies(1b),1,,共通分野,外国語科目,elective,curriculum,afd7c5631753ad09f074370a0eaa9524.pdf,Communication Strategies(1b)            1             1    (1)                       FL-21K   20     30   10   10   30,pdf_curriculum_table,,source_key=common_setagaya_engineering
FL-21N,Academic English(1a),1,,共通分野,外国語科目,elective,curriculum,afd7c5631753ad09f074370a0eaa9524.pdf,目       Academic English(1a)                    1             1    (1)                       FL-21N   20     30   10   10   30,pdf_curriculum_table,,source_key=common_setagaya_engineering
FL-21O,Academic English(1b),1,,共通分野,外国語科目,elective,curriculum,afd7c5631753ad09f074370a0eaa9524.pdf,Academic English(1b)                    1             1    (1)                       FL-21O   20     30   10   10   30,pdf_curriculum_table,,source_key=common_setagaya_engineering
FL-221,Literature in English(1a),1,,共通分野,外国語科目,elective,curriculum,afd7c5631753ad09f074370a0eaa9524.pdf,Literature in English(1a)               1             1    (1)                       FL-221   20     30   10   10   30,pdf_curriculum_table,,source_key=common_setagaya_engineering
FL-222,Literature in English(1b),1,,共通分野,外国語科目,elective,curriculum,afd7c5631753ad09f074370a0eaa9524.pdf,Literature in English(1b)               1             1    (1)                       FL-222   20     30   10   10   30,pdf_curriculum_table,,source_key=common_setagaya_engineering
FL-223,Literature in English(2a),1,,共通分野,外国語科目,elective,curriculum,afd7c5631753ad09f074370a0eaa9524.pdf,Literature in English(2a)               1             1    (1)                       FL-223   20     30   10   10   30,pdf_curriculum_table,,source_key=common_setagaya_engineering
FL-224,Literature in English(2b),1,,共通分野,外国語科目,elective,curriculum,afd7c5631753ad09f074370a0eaa9524.pdf,Literature in English(2b)               1             1    (1)                       FL-224   20     30   10   10   30,pdf_curriculum_table,,source_key=common_setagaya_engineering
FL-229,Language Sciences(1a),1,,共通分野,外国語科目,elective,curriculum,afd7c5631753ad09f074370a0eaa9524.pdf,（   Language Sciences(1a)                   1             1    (1)                       FL-229   20     30   10   10   30,pdf_curriculum_table,,source_key=common_setagaya_engineering
FL-22F,Language Sciences(1b),1,,共通分野,外国語科目,elective,curriculum,afd7c5631753ad09f074370a0eaa9524.pdf,Language Sciences(1b)                   1             1    (1)                       FL-22F   20     30   10   10   30,pdf_curriculum_table,,source_key=common_setagaya_engineering
FL-931,海外・特別選抜セミナー,2,,共通分野,外国語科目,elective,curriculum,afd7c5631753ad09f074370a0eaa9524.pdf,海外・特別選抜セミナー                          2      2     (2)                                   FL-931   20     30    10   10   30,pdf_curriculum_table,,source_key=common_setagaya_engineering
FL-932,外国語特別講義(1a),1,,共通分野,外国語科目,elective,curriculum,afd7c5631753ad09f074370a0eaa9524.pdf,外国語特別講義(1a)                          1                  1    (1)                        FL-932   20     30    10   10   30,pdf_curriculum_table,,source_key=common_setagaya_engineering
FL-933,外国語特別講義(1b),1,,共通分野,外国語科目,elective,curriculum,afd7c5631753ad09f074370a0eaa9524.pdf,外国語特別講義(1b)                          1                  1    (1)                        FL-933   20     30    10   10   30,pdf_curriculum_table,,source_key=common_setagaya_engineering
FL-934,外国語特別講義(2a),1,,共通分野,外国語科目,elective,curriculum,afd7c5631753ad09f074370a0eaa9524.pdf,外国語特別講義(2a)                          1                  1    (1)                        FL-934   20     30    10   10   30,pdf_curriculum_table,,source_key=common_setagaya_engineering
FL-935,外国語特別講義(2b),1,,共通分野,外国語科目,elective,curriculum,afd7c5631753ad09f074370a0eaa9524.pdf,外国語特別講義(2b)                          1                  1    (1)                        FL-935   20     30    10   10   30,pdf_curriculum_table,,source_key=common_setagaya_engineering
FL-241,ドイツ語(1a),1,,共通分野,外国語科目,elective,curriculum,afd7c5631753ad09f074370a0eaa9524.pdf,ドイツ語(1a)                             1                  1    (1)                        FL-241   20     30    10   10   30,pdf_curriculum_table,,source_key=common_setagaya_engineering
FL-242,ドイツ語(1b),1,,共通分野,外国語科目,elective,curriculum,afd7c5631753ad09f074370a0eaa9524.pdf,ドイツ語(1b)                             1                  1    (1)                        FL-242   20     30    10   10   30,pdf_curriculum_table,,source_key=common_setagaya_engineering
FL-243,ドイツ語(2a),1,,共通分野,外国語科目,elective,curriculum,afd7c5631753ad09f074370a0eaa9524.pdf,ドイツ語(2a)                             1                  1    (1)                        FL-243   20     30    10   10   30,pdf_curriculum_table,,source_key=common_setagaya_engineering
FL-244,ドイツ語(2b),1,,共通分野,外国語科目,elective,curriculum,afd7c5631753ad09f074370a0eaa9524.pdf,ドイツ語(2b)                             1                  1    (1)                        FL-244   20     30    10   10   30,pdf_curriculum_table,,source_key=common_setagaya_engineering
FL-245,フランス語(1a),1,,共通分野,外国語科目,elective,curriculum,afd7c5631753ad09f074370a0eaa9524.pdf,フランス語(1a)                            1                  1    (1)                        FL-245   20     30    10   10   30,pdf_curriculum_table,,source_key=common_setagaya_engineering
FL-246,フランス語(1b),1,,共通分野,外国語科目,elective,curriculum,afd7c5631753ad09f074370a0eaa9524.pdf,フランス語(1b)                            1                  1    (1)                        FL-246   20     30    10   10   30,pdf_curriculum_table,,source_key=common_setagaya_engineering
FL-247,フランス語(2a),1,,共通分野,外国語科目,elective,curriculum,afd7c5631753ad09f074370a0eaa9524.pdf,フランス語(2a)                            1                  1    (1)                        FL-247   20     30    10   10   30,pdf_curriculum_table,,source_key=common_setagaya_engineering
FL-248,フランス語(2b),1,,共通分野,外国語科目,elective,curriculum,afd7c5631753ad09f074370a0eaa9524.pdf,フランス語(2b)                            1                  1    (1)                        FL-248   20     30    10   10   30,pdf_curriculum_table,,source_key=common_setagaya_engineering
FL-249,スペイン語(1a),1,,共通分野,外国語科目,elective,curriculum,afd7c5631753ad09f074370a0eaa9524.pdf,スペイン語(1a)                            1                  1    (1)                        FL-249   20     30    10   10   30,pdf_curriculum_table,,source_key=common_setagaya_engineering
FL-24A,スペイン語(1b),1,,共通分野,外国語科目,elective,curriculum,afd7c5631753ad09f074370a0eaa9524.pdf,スペイン語(1b)                            1                  1    (1)                        FL-24A   20     30    10   10   30,pdf_curriculum_table,,source_key=common_setagaya_engineering
FL-24B,スペイン語(2a),1,,共通分野,外国語科目,elective,curriculum,afd7c5631753ad09f074370a0eaa9524.pdf,スペイン語(2a)                            1                  1    (1)                        FL-24B   20     30    10   10   30,pdf_curriculum_table,,source_key=common_setagaya_engineering
FL-24C,スペイン語(2b),1,,共通分野,外国語科目,elective,curriculum,afd7c5631753ad09f074370a0eaa9524.pdf,国        スペイン語(2b)                            1                  1    (1)                        FL-24C   20     30    10   10   30,pdf_curriculum_table,,source_key=common_setagaya_engineering
FL-24D,イタリア語(1a),1,,共通分野,外国語科目,elective,curriculum,afd7c5631753ad09f074370a0eaa9524.pdf,語        イタリア語(1a)                            1                  1    (1)                        FL-24D   20     30    10   10   30,pdf_curriculum_table,,source_key=common_setagaya_engineering
FL-24E,イタリア語(1b),1,,共通分野,外国語科目,elective,curriculum,afd7c5631753ad09f074370a0eaa9524.pdf,科        イタリア語(1b)                            1                  1    (1)                        FL-24E   20     30    10   10   30,pdf_curriculum_table,,source_key=common_setagaya_engineering
FL-24F,イタリア語(2a),1,,共通分野,外国語科目,elective,curriculum,afd7c5631753ad09f074370a0eaa9524.pdf,の    イタリア語(2a)                            1                  1    (1)                        FL-24F   20     30    10   10   30,pdf_curriculum_table,,source_key=common_setagaya_engineering
FL-24G,イタリア語(2b),1,,共通分野,外国語科目,elective,curriculum,afd7c5631753ad09f074370a0eaa9524.pdf,外    イタリア語(2b)                            1                  1    (1)                        FL-24G   20     30    10   10   30,pdf_curriculum_table,,source_key=common_setagaya_engineering
FL-24H,中国語(1a),1,,共通分野,外国語科目,elective,curriculum,afd7c5631753ad09f074370a0eaa9524.pdf,中国語(1a)                              1                  1    (1)                        FL-24H   20     30    10   10   30,pdf_curriculum_table,,source_key=common_setagaya_engineering
FL-24I,中国語(1b),1,,共通分野,外国語科目,elective,curriculum,afd7c5631753ad09f074370a0eaa9524.pdf,中国語(1b)                              1                  1    (1)                        FL-24I   20     30    10   10   30,pdf_curriculum_table,,source_key=common_setagaya_engineering
FL-24J,中国語(2a),1,,共通分野,外国語科目,elective,curriculum,afd7c5631753ad09f074370a0eaa9524.pdf,目    中国語(2a)                              1                  1    (1)                        FL-24J   20     30    10   10   30,pdf_curriculum_table,,source_key=common_setagaya_engineering
FL-24K,中国語(2b),1,,共通分野,外国語科目,elective,curriculum,afd7c5631753ad09f074370a0eaa9524.pdf,中国語(2b)                              1                  1    (1)                        FL-24K   20     30    10   10   30,pdf_curriculum_table,,source_key=common_setagaya_engineering
FL-24L,アラビア語(1a),1,,共通分野,外国語科目,elective,curriculum,afd7c5631753ad09f074370a0eaa9524.pdf,アラビア語(1a)                            1                  1    (1)                        FL-24L   20     30    10   10   30,pdf_curriculum_table,,source_key=common_setagaya_engineering
FL-24M,アラビア語(1b),1,,共通分野,外国語科目,elective,curriculum,afd7c5631753ad09f074370a0eaa9524.pdf,アラビア語(1b)                            1                  1    (1)                        FL-24M   20     30    10   10   30,pdf_curriculum_table,,source_key=common_setagaya_engineering
FL-24N,アラビア語(2a),1,,共通分野,外国語科目,elective,curriculum,afd7c5631753ad09f074370a0eaa9524.pdf,アラビア語(2a)                            1                  1    (1)                        FL-24N   20     30    10   10   30,pdf_curriculum_table,,source_key=common_setagaya_engineering
FL-24O,アラビア語(2b),1,,共通分野,外国語科目,elective,curriculum,afd7c5631753ad09f074370a0eaa9524.pdf,アラビア語(2b)                            1                  1    (1)                        FL-24O   20     30    10   10   30,pdf_curriculum_table,,source_key=common_setagaya_engineering
FL-24P,韓国語(1a),1,,共通分野,外国語科目,elective,curriculum,afd7c5631753ad09f074370a0eaa9524.pdf,韓国語(1a)                              1                  1    (1)                        FL-24P   20     30    10   10   30,pdf_curriculum_table,,source_key=common_setagaya_engineering
FL-24Q,韓国語(1b),1,,共通分野,外国語科目,elective,curriculum,afd7c5631753ad09f074370a0eaa9524.pdf,韓国語(1b)                              1                  1    (1)                        FL-24Q   20     30    10   10   30,pdf_curriculum_table,,source_key=common_setagaya_engineering
FL-24R,韓国語(2a),1,,共通分野,外国語科目,elective,curriculum,afd7c5631753ad09f074370a0eaa9524.pdf,韓国語(2a)                              1                  1    (1)                        FL-24R   20     30    10   10   30,pdf_curriculum_table,,source_key=common_setagaya_engineering
FL-24S,韓国語(2b),1,,共通分野,外国語科目,elective,curriculum,afd7c5631753ad09f074370a0eaa9524.pdf,韓国語(2b)                              1                  1    (1)                        FL-24S   20     30    10   10   30,pdf_curriculum_table,,source_key=common_setagaya_engineering
FL-24T,日本語表現(a),1,,共通分野,外国語科目,elective,curriculum,afd7c5631753ad09f074370a0eaa9524.pdf,日本語表現(a)                             1                  1    (1)                        FL-24T   20     30    10   10   30,pdf_curriculum_table,,source_key=common_setagaya_engineering
FL-24U,日本語表現(b),1,,共通分野,外国語科目,elective,curriculum,afd7c5631753ad09f074370a0eaa9524.pdf,日本語表現(b)                             1                  1    (1)                        FL-24U   20     30    10   10   30,pdf_curriculum_table,,source_key=common_setagaya_engineering
IT-116,数学演習(1a),0.5,△3,専門分野,情報工学基盤科目,elective-required,curriculum,afd7c5631753ad09f074370a0eaa9524.pdf,数学演習(1a)                 0.5     1                                                       △3     △3                   IT-116   40   20    30     0   10,pdf_curriculum_table,,source_key=common_setagaya_engineering
IT-117,数学演習(1b),0.5,△3,専門分野,情報工学基盤科目,elective-required,curriculum,afd7c5631753ad09f074370a0eaa9524.pdf,数学演習(1b)                 0.5     1                                                       △3     △3                   IT-117   40   20    30     0   10,pdf_curriculum_table,,source_key=common_setagaya_engineering
IT-215,数学演習(2a),0.5,△3,専門分野,情報工学基盤科目,elective-required,curriculum,afd7c5631753ad09f074370a0eaa9524.pdf,数学演習(2a)                 0.5              1                                              △3     △3                   IT-215   40   20    30     0   10,pdf_curriculum_table,,source_key=common_setagaya_engineering
IT-216,数学演習(2b),0.5,△3,専門分野,情報工学基盤科目,elective-required,curriculum,afd7c5631753ad09f074370a0eaa9524.pdf,数学演習(2b)                 0.5              1                                              △3     △3                   IT-216   40   20    30     0   10,pdf_curriculum_table,,source_key=common_setagaya_engineering
IT-111,微分積分学(1a),1,※MS ○,専門分野,情報工学基盤科目,required,curriculum,afd7c5631753ad09f074370a0eaa9524.pdf,微分積分学(1a)          ※MS   1       1                                                       ○      ○    ○    ○          IT-111   40   20    30     0   10,pdf_curriculum_table,,source_key=common_setagaya_engineering
IT-112,微分積分学(1b),1,※MS ○,専門分野,情報工学基盤科目,required,curriculum,afd7c5631753ad09f074370a0eaa9524.pdf,微分積分学(1b)          ※MS   1       1                                                       ○      ○     ○   ○          IT-112   40   20    30     0   10,pdf_curriculum_table,,source_key=common_setagaya_engineering
IT-211,微分積分学(2a),1,※MS ○,専門分野,情報工学基盤科目,required,curriculum,afd7c5631753ad09f074370a0eaa9524.pdf,微分積分学(2a)          ※MS   1                1                                              ○      ○     ○   ○          IT-211   40   20    30     0   10,pdf_curriculum_table,,source_key=common_setagaya_engineering
IT-212,微分積分学(2b),1,※MS ○,専門分野,情報工学基盤科目,required,curriculum,afd7c5631753ad09f074370a0eaa9524.pdf,数   微分積分学(2b)          ※MS   1                1                                              ○      ○     ○   ○          IT-212   40   20    30     0   10,pdf_curriculum_table,,source_key=common_setagaya_engineering
IT-113,線形代数学(1a),1,※MS ○,専門分野,情報工学基盤科目,required,curriculum,afd7c5631753ad09f074370a0eaa9524.pdf,学   線形代数学(1a)          ※MS   1       1                                                       ○      ○     ○   ○          IT-113   40   20    30     0   10,pdf_curriculum_table,,source_key=common_setagaya_engineering
IT-114,線形代数学(1b),1,※MS ○,専門分野,情報工学基盤科目,required,curriculum,afd7c5631753ad09f074370a0eaa9524.pdf,系   線形代数学(1b)          ※MS   1       1                                                       ○      ○     ○   ○          IT-114   40   20    30     0   10,pdf_curriculum_table,,source_key=common_setagaya_engineering
IT-213,線形代数学(2a),1,※MS ○,専門分野,情報工学基盤科目,required,curriculum,afd7c5631753ad09f074370a0eaa9524.pdf,線形代数学(2a)          ※MS   1                1                                              ○      ○     ○   ○          IT-213   40   20    30     0   10,pdf_curriculum_table,,source_key=common_setagaya_engineering
IT-214,線形代数学(2b),1,※MS ○,専門分野,情報工学基盤科目,required,curriculum,afd7c5631753ad09f074370a0eaa9524.pdf,線形代数学(2b)          ※MS   1                1                                              ○      ○     ○   ○          IT-214   40   20    30     0   10,pdf_curriculum_table,,source_key=common_setagaya_engineering
IT-115,基礎確率統計,2,※MS ○,専門分野,情報工学基盤科目,required,curriculum,afd7c5631753ad09f074370a0eaa9524.pdf,基礎確率統計             ※MS   2       2                                                       ○      ○     ○   ○          IT-115   0    30    0      0   70,pdf_curriculum_table,,source_key=common_setagaya_engineering
IT-311,微分方程式論,2,△3,専門分野,情報工学基盤科目,elective-required,curriculum,afd7c5631753ad09f074370a0eaa9524.pdf,微分方程式論                   2                      2                                        △3     △3                   IT-311   40   20    30     0   10,pdf_curriculum_table,,source_key=common_setagaya_engineering
IT-312,ベクトル解析学,2,△3,専門分野,情報工学基盤科目,elective-required,curriculum,afd7c5631753ad09f074370a0eaa9524.pdf,ベクトル解析学                  2                      2                                        △3     △3                   IT-312   40   20    30     0   10,pdf_curriculum_table,,source_key=common_setagaya_engineering
IT-313,フーリエ解析学,2,△3,専門分野,情報工学基盤科目,elective-required,curriculum,afd7c5631753ad09f074370a0eaa9524.pdf,フーリエ解析学                  2                               2                               △3     △3                   IT-313   40   20    30     0   10,pdf_curriculum_table,,source_key=common_setagaya_engineering
IT-314,代数学,2,△3,専門分野,情報工学基盤科目,elective-required,curriculum,afd7c5631753ad09f074370a0eaa9524.pdf,代数学                      2                      2                                        △3     △3                   IT-314   40   20    30     0   10,pdf_curriculum_table,,source_key=common_setagaya_engineering
IT-121,物理学(1),2,△1 ○,専門分野,情報工学基盤科目,elective-required,curriculum,afd7c5631753ad09f074370a0eaa9524.pdf,物理学(1)                   2       2                                                       △1     ○    △1   ○          IT-121   30   10    0      0   60,pdf_curriculum_table,,source_key=common_setagaya_engineering
IT-122,物理学(1)演習,1,,専門分野,情報工学基盤科目,elective,curriculum,afd7c5631753ad09f074370a0eaa9524.pdf,物理学(1)演習                 1       2                                                                                   IT-122   30   10    0      0   60,pdf_curriculum_table,,source_key=common_setagaya_engineering
IT-221,物理学(2),2,△1,専門分野,情報工学基盤科目,elective-required,curriculum,afd7c5631753ad09f074370a0eaa9524.pdf,物理学(2)                   2                2                                              △1     △1   △1   △1         IT-221   30   10    0      0   60,pdf_curriculum_table,,source_key=common_setagaya_engineering
IT-123,物理学実験(a),1,△2,専門分野,情報工学基盤科目,elective-required,curriculum,afd7c5631753ad09f074370a0eaa9524.pdf,物理学実験(a)                 1       2    (2)                                                △2     △2   △2   △2         IT-123   20   20    0    20    40,pdf_curriculum_table,,source_key=common_setagaya_engineering
IT-124,物理学実験(b),1,△2,専門分野,情報工学基盤科目,elective-required,curriculum,afd7c5631753ad09f074370a0eaa9524.pdf,物理学実験(b)                 1       2    (2)                                                △2     △2   △2   △2         IT-124   20   20    0    20    40,pdf_curriculum_table,,source_key=common_setagaya_engineering
IT-125,化学(1),2,△1,専門分野,情報工学基盤科目,elective-required,curriculum,afd7c5631753ad09f074370a0eaa9524.pdf,化学(1)                    2       2                                                       △1     △1   △1   △1         IT-125   50   0     0      0   50,pdf_curriculum_table,,source_key=common_setagaya_engineering
IT-222,化学(2),2,△1,専門分野,情報工学基盤科目,elective-required,curriculum,afd7c5631753ad09f074370a0eaa9524.pdf,情       化学(2)                    2                2                                              △1     △1   △1   △1         IT-222   50   0     0      0   50,pdf_curriculum_table,,source_key=common_setagaya_engineering
IT-126,化学実験,2,△2,専門分野,情報工学基盤科目,elective-required,curriculum,afd7c5631753ad09f074370a0eaa9524.pdf,報       化学実験                     2      (4)       4                                              △2     △2   △2   △2         IT-126   50   0     0    50    0,pdf_curriculum_table,,source_key=common_setagaya_engineering
IT-127,生物学(1),2,△1,専門分野,情報工学基盤科目,elective-required,curriculum,afd7c5631753ad09f074370a0eaa9524.pdf,工       生物学(1)                   2       2                                                       △1     △1   △1   △1         IT-127   50   0     0      0   50,pdf_curriculum_table,,source_key=common_setagaya_engineering
IT-223,生物学(2),2,△1,専門分野,情報工学基盤科目,elective-required,curriculum,afd7c5631753ad09f074370a0eaa9524.pdf,学       生物学(2)                   2                2                                              △1     △1   △1   △1         IT-223   50   0     0      0   50,pdf_curriculum_table,,source_key=common_setagaya_engineering
IT-128,生物学実験(a),1,△2,専門分野,情報工学基盤科目,elective-required,curriculum,afd7c5631753ad09f074370a0eaa9524.pdf,基       生物学実験(a)                 1       2    (2)                                                △2     △2   △2   △2         IT-128   50   0     0    50    0,pdf_curriculum_table,,source_key=common_setagaya_engineering
IT-129,生物学実験(b),1,△2,専門分野,情報工学基盤科目,elective-required,curriculum,afd7c5631753ad09f074370a0eaa9524.pdf,盤       生物学実験(b)                 1       2    (2)                                                △2     △2   △2   △2         IT-129   50   0     0    50    0,pdf_curriculum_table,,source_key=common_setagaya_engineering
IT-12A,地学(1),2,,専門分野,情報工学基盤科目,elective,curriculum,afd7c5631753ad09f074370a0eaa9524.pdf,科       地学(1)                    2       2                                                                                   IT-12A   50   0     0      0   50,pdf_curriculum_table,,source_key=common_setagaya_engineering
IT-224,地学(2),2,,専門分野,情報工学基盤科目,elective,curriculum,afd7c5631753ad09f074370a0eaa9524.pdf,目       地学(2)                    2                2                                                                          IT-224   50   0     0      0   50,pdf_curriculum_table,,source_key=common_setagaya_engineering
IT-12B,地学実験(a),1,△2,専門分野,情報工学基盤科目,elective-required,curriculum,afd7c5631753ad09f074370a0eaa9524.pdf,地学実験(a)                  1       2    (2)                                                △2     △2   △2   △2         IT-12B   50   0     0    50    0,pdf_curriculum_table,,source_key=common_setagaya_engineering
IT-12C,地学実験(b),1,△2,専門分野,情報工学基盤科目,elective-required,curriculum,afd7c5631753ad09f074370a0eaa9524.pdf,地学実験(b)                  1       2    (2)                                                △2     △2   △2   △2         IT-12C   50   0     0    50    0,pdf_curriculum_table,,source_key=common_setagaya_engineering
IT-131,情報リテラシー,2,○,専門分野,情報工学基盤科目,required,curriculum,afd7c5631753ad09f074370a0eaa9524.pdf,情報リテラシー                  2       2                                                       ○      ○    ○    ○          IT-131   10   30    10     0   50,pdf_curriculum_table,,source_key=common_setagaya_engineering
IT-132,コンピュータ概論,2,○,専門分野,情報工学基盤科目,required,curriculum,afd7c5631753ad09f074370a0eaa9524.pdf,コンピュータ概論                 2       2                                                       ○      ○     ○   ○          IT-132   10   20    10   10    50,pdf_curriculum_table,,source_key=common_setagaya_engineering
IT-231,数値解析,2,○,専門分野,情報工学基盤科目,required,curriculum,afd7c5631753ad09f074370a0eaa9524.pdf,数値解析                     2                2                                              ○      ○                    IT-231   0    30    0      0   70,pdf_curriculum_table,,source_key=common_setagaya_engineering
IT-232,技術者倫理,1,○,専門分野,情報工学基盤科目,required,curriculum,afd7c5631753ad09f074370a0eaa9524.pdf,技術者倫理                    1                      1                                        ○      ○    ○    ○          IT-232   25   30    15   10    20,pdf_curriculum_table,,source_key=common_setagaya_engineering
IT-234,情報社会と職業(a),1,,専門分野,情報工学基盤科目,elective,curriculum,afd7c5631753ad09f074370a0eaa9524.pdf,情報社会と職業(a)               1                                     1                                                     IT-234   20   35    10   10    25,pdf_curriculum_table,,source_key=common_setagaya_engineering
IT-235,情報社会と職業(b),1,,専門分野,情報工学基盤科目,elective,curriculum,afd7c5631753ad09f074370a0eaa9524.pdf,情報社会と職業(b)               1                                     1                                                     IT-235   20   35    10   10    25,pdf_curriculum_table,,source_key=common_setagaya_engineering
IT-236,情報と特許,2,○,専門分野,情報工学基盤科目,required,curriculum,afd7c5631753ad09f074370a0eaa9524.pdf,情報と特許                    2                                              2                ○      ○                    IT-236   20   35    10   10    25,pdf_curriculum_table,,source_key=common_setagaya_engineering
IT-134,キャリアデザイン,1,○,専門分野,情報工学基盤科目,required,curriculum,afd7c5631753ad09f074370a0eaa9524.pdf,キャリアデザイン                 1                               2                               ○      ○                    IT-134   30   10    25   30    5,pdf_curriculum_table,,source_key=common_setagaya_engineering
IT-931,インターンシップ(1),1,,専門分野,情報工学基盤科目,elective,curriculum,afd7c5631753ad09f074370a0eaa9524.pdf,情   インターンシップ(1)              1                                                                                           IT-931   20   20    20   20    20,pdf_curriculum_table,,source_key=common_setagaya_engineering
IT-932,インターンシップ(2),1,,専門分野,情報工学基盤科目,elective,curriculum,afd7c5631753ad09f074370a0eaa9524.pdf,報   インターンシップ(2)              1                                                                                           IT-932   20   20    20   20    20,pdf_curriculum_table,,source_key=common_setagaya_engineering
IT-933,インターンシップ(3),1,,専門分野,情報工学基盤科目,elective,curriculum,afd7c5631753ad09f074370a0eaa9524.pdf,基   インターンシップ(3)              1                                                                                           IT-933   20   20    20   20    20,pdf_curriculum_table,,source_key=common_setagaya_engineering
IT-934,インターンシップ(4),1,,専門分野,情報工学基盤科目,elective,curriculum,afd7c5631753ad09f074370a0eaa9524.pdf,盤   インターンシップ(4)              1                                                                                           IT-934   20   20    20   20    20,pdf_curriculum_table,,source_key=common_setagaya_engineering
IT-935,海外体験実習(1),1,,専門分野,情報工学基盤科目,elective,curriculum,afd7c5631753ad09f074370a0eaa9524.pdf,系   海外体験実習(1)                1                                                                                           IT-935   20   20    20   20    20,pdf_curriculum_table,,source_key=common_setagaya_engineering
IT-936,海外体験実習(2),1,,専門分野,情報工学基盤科目,elective,curriculum,afd7c5631753ad09f074370a0eaa9524.pdf,海外体験実習(2)                1                                                                                           IT-936   20   20    20   20    20,pdf_curriculum_table,,source_key=common_setagaya_engineering
IT-937,海外体験実習(3),1,,専門分野,情報工学基盤科目,elective,curriculum,afd7c5631753ad09f074370a0eaa9524.pdf,海外体験実習(3)                1                                                                                           IT-937   20   20    20   20    20,pdf_curriculum_table,,source_key=common_setagaya_engineering
IT-938,海外体験実習(4),1,,専門分野,情報工学基盤科目,elective,curriculum,afd7c5631753ad09f074370a0eaa9524.pdf,海外体験実習(4)                1                                                                                           IT-938   20   20    20   20    20,pdf_curriculum_table,,source_key=common_setagaya_engineering
IT-939,特別講義(IT-1),2,,専門分野,情報工学基盤科目,elective,curriculum,afd7c5631753ad09f074370a0eaa9524.pdf,特別講義(IT-1)               2                                                                                           IT-939   20   35    10   10    25,pdf_curriculum_table,,source_key=common_setagaya_engineering
IT-93A,特別講義(IT-2),2,,専門分野,情報工学基盤科目,elective,curriculum,afd7c5631753ad09f074370a0eaa9524.pdf,特別講義(IT-2)               2                                                                                           IT-93A   20   35    10   10    25,pdf_curriculum_table,,source_key=common_setagaya_engineering
IT-137,SD PBL(1),1,○,専門分野,情報工学基盤科目,required,curriculum,afd7c5631753ad09f074370a0eaa9524.pdf,SD PBL(1)                1       2                                                       ○      ○    ○    ○          IT-137   20   15    30   20    15,pdf_curriculum_table,,source_key=common_setagaya_engineering
IT-237,SD PBL(2),1,○,専門分野,情報工学基盤科目,required,curriculum,afd7c5631753ad09f074370a0eaa9524.pdf,SD PBL(2)                1                      2                                        ○      ○     ○   ○          IT-237   15   20    25   25    15,pdf_curriculum_table,,source_key=common_setagaya_engineering
IT-337,SD PBL(3),1,○,専門分野,情報工学基盤科目,required,curriculum,afd7c5631753ad09f074370a0eaa9524.pdf,SD PBL(3)                1                                              2                ○      ○     ○   ○          IT-337   9    24    24   24    19,pdf_curriculum_table,,source_key=common_setagaya_engineering
AU-111,微分積分学(1a),1,※MS ○,専門分野,学部基盤科目,required,curriculum,0b9b37db00b8706444e4f7a750410138.pdf,微分積分学(1a)            ※MS   1   1*    (1)                                    ○    ○   *週時間数2とする場合がある   AU-111   40   20   30   0    10,pdf_curriculum_table,,source_key=common_setagaya_engineering_alt
AU-112,微分積分学(1b),1,※MS ○,専門分野,学部基盤科目,required,curriculum,0b9b37db00b8706444e4f7a750410138.pdf,微分積分学(1b)            ※MS   1   1*    (1)                                    ○    ○   *週時間数2とする場合がある   AU-112   40   20   30   0    10,pdf_curriculum_table,,source_key=common_setagaya_engineering_alt
AU-211,微分積分学(2a),1,※MS,専門分野,学部基盤科目,elective,curriculum,0b9b37db00b8706444e4f7a750410138.pdf,微分積分学(2a)            ※MS   1            1   (1)                                                       AU-211   40   20   30   0    10,pdf_curriculum_table,,source_key=common_setagaya_engineering_alt
AU-212,微分積分学(2b),1,※MS,専門分野,学部基盤科目,elective,curriculum,0b9b37db00b8706444e4f7a750410138.pdf,微分積分学(2b)            ※MS   1            1   (1)                                                       AU-212   40   20   30   0    10,pdf_curriculum_table,,source_key=common_setagaya_engineering_alt
AU-113,線形代数学(1a),1,※MS ○,専門分野,学部基盤科目,required,curriculum,0b9b37db00b8706444e4f7a750410138.pdf,線形代数学(1a)            ※MS   1   1     (1)                                    ○    ○                    AU-113   40   20   30   0    10,pdf_curriculum_table,,source_key=common_setagaya_engineering_alt
AU-114,線形代数学(1b),1,※MS ○,専門分野,学部基盤科目,required,curriculum,0b9b37db00b8706444e4f7a750410138.pdf,線形代数学(1b)            ※MS   1   1     (1)                                    ○    ○                    AU-114   40   20   30   0    10,pdf_curriculum_table,,source_key=common_setagaya_engineering_alt
AU-213,線形代数学(2a),1,※MS,専門分野,学部基盤科目,elective,curriculum,0b9b37db00b8706444e4f7a750410138.pdf,線形代数学(2a)            ※MS   1            1   (1)                                                       AU-213   40   20   30   0    10,pdf_curriculum_table,,source_key=common_setagaya_engineering_alt
AU-214,線形代数学(2b),1,※MS,専門分野,学部基盤科目,elective,curriculum,0b9b37db00b8706444e4f7a750410138.pdf,線形代数学(2b)            ※MS   1            1   (1)                                                       AU-214   40   20   30   0    10,pdf_curriculum_table,,source_key=common_setagaya_engineering_alt
AU-311,微分方程式論,2,△,専門分野,学部基盤科目,elective-required,curriculum,0b9b37db00b8706444e4f7a750410138.pdf,微分方程式論                     2                2                               △    △                    AU-311   40   20   20   0    20,pdf_curriculum_table,,source_key=common_setagaya_engineering_alt
AU-312,ベクトル解析学,2,△,専門分野,学部基盤科目,elective-required,curriculum,0b9b37db00b8706444e4f7a750410138.pdf,ベクトル解析学                    2                2                               △    △                    AU-312   40   20   20   0    20,pdf_curriculum_table,,source_key=common_setagaya_engineering_alt
AU-313,フーリエ解析学,2,△,専門分野,学部基盤科目,elective-required,curriculum,0b9b37db00b8706444e4f7a750410138.pdf,フーリエ解析学                    2                         2                      △    △                    AU-313   40   20   30   0    10,pdf_curriculum_table,,source_key=common_setagaya_engineering_alt
AU-314,数理統計学,2,※MS △,専門分野,学部基盤科目,elective-required,curriculum,0b9b37db00b8706444e4f7a750410138.pdf,数理統計学                ※MS   2                2                               △    △                    AU-314   40   20   30   0    10,pdf_curriculum_table,,source_key=common_setagaya_engineering_alt
AU-121,物理学及び演習(1),3,○,専門分野,学部基盤科目,required,curriculum,0b9b37db00b8706444e4f7a750410138.pdf,物理学及び演習(1)                 3            4   (4)                             ○    ○                    AU-121   35   15   10   30   10,pdf_curriculum_table,,source_key=common_setagaya_engineering_alt
AU-122,物理学及び演習(2),3,○,専門分野,学部基盤科目,required,curriculum,0b9b37db00b8706444e4f7a750410138.pdf,物理学及び演習(2)                 3            4   (4)                             ○    ○                    AU-122   35   15   10   30   10,pdf_curriculum_table,,source_key=common_setagaya_engineering_alt
AU-221,物理学(3),2,,専門分野,学部基盤科目,elective,curriculum,0b9b37db00b8706444e4f7a750410138.pdf,物理学(3)                     2                2                                                         AU-221   30   10   0    0    60,pdf_curriculum_table,,source_key=common_setagaya_engineering_alt
AU-222,物理学(4),2,,専門分野,学部基盤科目,elective,curriculum,0b9b37db00b8706444e4f7a750410138.pdf,物理学(4)                     2                2                                                         AU-222   30   10   0    0    60,pdf_curriculum_table,,source_key=common_setagaya_engineering_alt
AU-223,電磁気学基礎,2,,専門分野,学部基盤科目,elective,curriculum,0b9b37db00b8706444e4f7a750410138.pdf,自   電磁気学基礎                     2                2                                                         AU-223   30   10   0    0    60,pdf_curriculum_table,,source_key=common_setagaya_engineering_alt
AU-123,物理学実験(a),1,○,専門分野,学部基盤科目,required,curriculum,0b9b37db00b8706444e4f7a750410138.pdf,学           物理学実験(a)                   1   2     (2)                                    ○    ○                    AU-123   20   20   0    20   40,pdf_curriculum_table,,source_key=common_setagaya_engineering_alt
AU-124,物理学実験(b),1,○,専門分野,学部基盤科目,required,curriculum,0b9b37db00b8706444e4f7a750410138.pdf,物理学実験(b)                   1   2     (2)                                    ○    ○                    AU-124   20   20   0    20   40,pdf_curriculum_table,,source_key=common_setagaya_engineering_alt
AU-125,化学(1),2,,専門分野,学部基盤科目,elective,curriculum,0b9b37db00b8706444e4f7a750410138.pdf,系   化学(1)                      2   2                                                                      AU-125   25   25   0    0    50,pdf_curriculum_table,,source_key=common_setagaya_engineering_alt
AU-224,化学(2),2,,専門分野,学部基盤科目,elective,curriculum,0b9b37db00b8706444e4f7a750410138.pdf,科           化学(2)                      2            2                                                             AU-224   25   25   0    0    50,pdf_curriculum_table,,source_key=common_setagaya_engineering_alt
AU-126,化学実験,2,,専門分野,学部基盤科目,elective,curriculum,0b9b37db00b8706444e4f7a750410138.pdf,目           化学実験                       2   (4)      4                                                             AU-126   50    0   0    50   0,pdf_curriculum_table,,source_key=common_setagaya_engineering_alt
AU-127,生物学,2,,専門分野,学部基盤科目,elective,curriculum,0b9b37db00b8706444e4f7a750410138.pdf,生物学                        2                2                                                         AU-127   25   25   0    0    50,pdf_curriculum_table,,source_key=common_setagaya_engineering_alt
AU-128,地学,2,,専門分野,学部基盤科目,elective,curriculum,0b9b37db00b8706444e4f7a750410138.pdf,地学                         2                2                                                         AU-128   50    0   0    0    50,pdf_curriculum_table,,source_key=common_setagaya_engineering_alt
AU-131,情報リテラシー演習(a),1,○,専門分野,学部基盤科目,required,curriculum,0b9b37db00b8706444e4f7a750410138.pdf,情報リテラシー演習(a)               1   1                                            ○    ○                    AU-131   50   10   10   0    30,pdf_curriculum_table,,source_key=common_setagaya_engineering_alt
AU-132,情報リテラシー演習(b),1,○,専門分野,学部基盤科目,required,curriculum,0b9b37db00b8706444e4f7a750410138.pdf,情報リテラシー演習(b)               1   1                                            ○    ○                    AU-132   50   10   10   0    30,pdf_curriculum_table,,source_key=common_setagaya_engineering_alt
AU-231,プログラミング基礎(a),1,,専門分野,学部基盤科目,elective,curriculum,0b9b37db00b8706444e4f7a750410138.pdf,プログラミング基礎(a)               1            1                                                             AU-231   50   10   30   0    10,pdf_curriculum_table,,source_key=common_setagaya_engineering_alt
AU-232,プログラミング基礎(b),1,,専門分野,学部基盤科目,elective,curriculum,0b9b37db00b8706444e4f7a750410138.pdf,プログラミング基礎(b)               1            1                                                             AU-232   50   10   30   0    10,pdf_curriculum_table,,source_key=common_setagaya_engineering_alt
AU-133,情報処理入門,2,,専門分野,学部基盤科目,elective,curriculum,0b9b37db00b8706444e4f7a750410138.pdf,情報処理入門                     2   2                                                                      AU-133   65   10   25   0    0,pdf_curriculum_table,,source_key=common_setagaya_engineering_alt
AU-331,数値解析,2,,専門分野,学部基盤科目,elective,curriculum,0b9b37db00b8706444e4f7a750410138.pdf,数値解析                       2                         2                                                AU-331   40   10   10   0    40,pdf_curriculum_table,,source_key=common_setagaya_engineering_alt
AU-233,技術者倫理,2,○,専門分野,学部基盤科目,required,curriculum,0b9b37db00b8706444e4f7a750410138.pdf,技術者倫理                      2                             2                  ○    ○                    AU-233   20   19   21   19   21,pdf_curriculum_table,,source_key=common_setagaya_engineering_alt
AU-134,未来を拓くイノベーション,2,,専門分野,学部基盤科目,elective,curriculum,0b9b37db00b8706444e4f7a750410138.pdf,未来を拓くイノベーション               2   2                                                                      AU-134   60   20   10   0    10,pdf_curriculum_table,,source_key=common_setagaya_engineering_alt
AU-931,インターンシップ(1),1,,専門分野,学部基盤科目,elective,curriculum,0b9b37db00b8706444e4f7a750410138.pdf,インターンシップ(1)                1                                                                          AU-931   20   20   20   20   20,pdf_curriculum_table,,source_key=common_setagaya_engineering_alt
AU-932,インターンシップ(2),1,,専門分野,学部基盤科目,elective,curriculum,0b9b37db00b8706444e4f7a750410138.pdf,総   インターンシップ(2)                1                                                                          AU-932   20   20   20   20   20,pdf_curriculum_table,,source_key=common_setagaya_engineering_alt
AU-933,海外体験実習(1),2,,専門分野,学部基盤科目,elective,curriculum,0b9b37db00b8706444e4f7a750410138.pdf,合   海外体験実習(1)                  2                                                                          AU-933   20   20   20   20   20,pdf_curriculum_table,,source_key=common_setagaya_engineering_alt
AU-934,海外体験実習(2),2,,専門分野,学部基盤科目,elective,curriculum,0b9b37db00b8706444e4f7a750410138.pdf,系   海外体験実習(2)                  2                                                                          AU-934   20   20   20   20   20,pdf_curriculum_table,,source_key=common_setagaya_engineering_alt
AU-935,SD PBL(1),1,○,専門分野,学部基盤科目,required,curriculum,0b9b37db00b8706444e4f7a750410138.pdf,SD PBL(1)                  1   2                                            ○    ○                    AU-935   20   20   20   21   19,pdf_curriculum_table,,source_key=common_setagaya_engineering_alt
AU-936,SD PBL(2),1,○,専門分野,学部基盤科目,required,curriculum,0b9b37db00b8706444e4f7a750410138.pdf,SD PBL(2)                  1                2                               ○    ○                    AU-936   40   20   15   10   15,pdf_curriculum_table,,source_key=common_setagaya_engineering_alt
AU-937,SD PBL(3),1,○,専門分野,学部基盤科目,required,curriculum,0b9b37db00b8706444e4f7a750410138.pdf,SD PBL(3)                  1                                      2         ○    ○                    AU-937   9    24   24   24   19,pdf_curriculum_table,,source_key=common_setagaya_engineering_alt
SCH-SAB171203,集合と論理,0,時間割由来,時間割由来科目,2026前期/2年,elective,schedule-derived,2026世田谷キャンパス前期.pdf,月2 前期後 sab171203 中井 洋史,schedule_only_credit_unknown,集合と論理,理工学部の学科別教育課程表PDF未提供のため、2026年前期時間割から補助生成。単位数0は要確認。
SCH-SAA171302,力学,0,時間割由来,時間割由来科目,2026前期/1年,elective,schedule-derived,2026世田谷キャンパス前期.pdf,月3 前期前 saa171302 飯島 正徳,schedule_only_credit_unknown,力学,理工学部の学科別教育課程表PDF未提供のため、2026年前期時間割から補助生成。単位数0は要確認。
SCH-SAB171303,地球変動論,0,時間割由来,時間割由来科目,2026前期/2年,elective,schedule-derived,2026世田谷キャンパス前期.pdf,月3 前期後 sab171303 萩谷 宏,schedule_only_credit_unknown,地球変動論,理工学部の学科別教育課程表PDF未提供のため、2026年前期時間割から補助生成。単位数0は要確認。
SCH-SAB171305,分子の運動,0,時間割由来,時間割由来科目,2026前期/3年,elective,schedule-derived,2026世田谷キャンパス前期.pdf,月3 前期後 sab171305 高木 晋作,schedule_only_credit_unknown,分子の運動,理工学部の学科別教育課程表PDF未提供のため、2026年前期時間割から補助生成。単位数0は要確認。
SCH-SAA171403,力学演習,0,時間割由来,時間割由来科目,2026前期/1年,elective,schedule-derived,2026世田谷キャンパス前期.pdf,月4 前期前 saa171403 飯島 正徳,schedule_only_credit_unknown,力学演習,理工学部の学科別教育課程表PDF未提供のため、2026年前期時間割から補助生成。単位数0は要確認。
SCH-SAB171406,古生物学,0,時間割由来,時間割由来科目,2026前期/3年,elective,schedule-derived,2026世田谷キャンパス前期.pdf,月4 前期後 sab171406 中島 保寿,schedule_only_credit_unknown,古生物学,理工学部の学科別教育課程表PDF未提供のため、2026年前期時間割から補助生成。単位数0は要確認。
SCH-SAZ171501,幾何学(1),0,時間割由来,時間割由来科目,2026前期/2年,elective,schedule-derived,2026世田谷キャンパス前期.pdf,月5 前期 saz171501 橋本 義武,schedule_only_credit_unknown,幾何学(1),理工学部の学科別教育課程表PDF未提供のため、2026年前期時間割から補助生成。単位数0は要確認。
SCH-SAZ112141,知的財産,0,時間割由来,時間割由来科目,2026前期/1年,elective,schedule-derived,2026世田谷キャンパス前期.pdf,火1 前期 saz112141 伊藤 剣太 (2Q),schedule_only_credit_unknown,知的財産,理工学部の学科別教育課程表PDF未提供のため、2026年前期時間割から補助生成。単位数0は要確認。
SCH-SAA312103,基礎論理回路,0,○,時間割由来科目,2026前期/2年,required,schedule-derived,2026世田谷キャンパス前期.pdf,火1 前期前 saa312103 佐々木 智志,schedule_only_credit_unknown,基礎論理回路,理工学部の学科別教育課程表PDF未提供のため、2026年前期時間割から補助生成。単位数0は要確認。
SCH-SAA172110,極限と位相,0,時間割由来,時間割由来科目,2026前期/2年,elective,schedule-derived,2026世田谷キャンパス前期.pdf,火1 前期前 saa172110 服部 新,schedule_only_credit_unknown,極限と位相,理工学部の学科別教育課程表PDF未提供のため、2026年前期時間割から補助生成。単位数0は要確認。
SCH-SAA172108,分子構造論,0,時間割由来,時間割由来科目,2026前期/2年,elective,schedule-derived,2026世田谷キャンパス前期.pdf,火1 前期前 saa172108 吉田 真史,schedule_only_credit_unknown,分子構造論,理工学部の学科別教育課程表PDF未提供のため、2026年前期時間割から補助生成。単位数0は要確認。
SCH-SAB172106,電磁気学,0,○,時間割由来科目,2026前期/2年,required,schedule-derived,2026世田谷キャンパス前期.pdf,火1 前期後 sab172106 飯島 正徳 門多 顕司,schedule_only_credit_unknown,電磁気学,理工学部の学科別教育課程表PDF未提供のため、2026年前期時間割から補助生成。単位数0は要確認。
SCH-SAA122201,Reading and,0,時間割由来,時間割由来科目,2026前期/1年,elective,schedule-derived,2026世田谷キャンパス前期.pdf,火2 前期前 saa122201 日高 正司,schedule_only_credit_unknown,Readingand,理工学部の学科別教育課程表PDF未提供のため、2026年前期時間割から補助生成。単位数0は要確認。
SCH-SAA122202,Reading and Writing(1a),0,時間割由来,時間割由来科目,2026前期/1年,elective,schedule-derived,2026世田谷キャンパス前期.pdf,火2 前期前 saa122202 ヴァーラ内田 エイ ドリアン ミッシェ,schedule_only_credit_unknown,ReadingandWriting(1a),理工学部の学科別教育課程表PDF未提供のため、2026年前期時間割から補助生成。単位数0は要確認。
SCH-SAA172202,情報社会と倫理,0,時間割由来,時間割由来科目,2026前期/2年,elective,schedule-derived,2026世田谷キャンパス前期.pdf,火2 前期前 saa172202 中村 正人（講師） 服部 新 中島 保寿 長田 剛,schedule_only_credit_unknown,情報社会と倫理,理工学部の学科別教育課程表PDF未提供のため、2026年前期時間割から補助生成。単位数0は要確認。
SCH-SAB122212,Reading and Writing(1b),0,時間割由来,時間割由来科目,2026前期/1年,elective,schedule-derived,2026世田谷キャンパス前期.pdf,火2 前期後 sab122212 ヴァーラ内田 エイ ドリアン ミッシェ,schedule_only_credit_unknown,ReadingandWriting(1b),理工学部の学科別教育課程表PDF未提供のため、2026年前期時間割から補助生成。単位数0は要確認。
SCH-SAA172303,進化論 福田 中島 田中,0,時間割由来,時間割由来科目,2026前期/2年,elective,schedule-derived,2026世田谷キャンパス前期.pdf,火3 前期前 saa172303 達哉 保寿 健太郎,schedule_only_credit_unknown,進化論福田中島田中,理工学部の学科別教育課程表PDF未提供のため、2026年前期時間割から補助生成。単位数0は要確認。
SCH-SAB172304,プレート･テクトニクス 小田島,0,時間割由来,時間割由来科目,2026前期/2年,elective,schedule-derived,2026世田谷キャンパス前期.pdf,火3 前期後 sab172304 庸浩,schedule_only_credit_unknown,プレート・テクトニクス小田島,理工学部の学科別教育課程表PDF未提供のため、2026年前期時間割から補助生成。単位数0は要確認。
SCH-SAB172307,現代代数学 橋本,0,時間割由来,時間割由来科目,2026前期/3年,elective,schedule-derived,2026世田谷キャンパス前期.pdf,火3 前期後 sab172307 義武,schedule_only_credit_unknown,現代代数学橋本,理工学部の学科別教育課程表PDF未提供のため、2026年前期時間割から補助生成。単位数0は要確認。
SCH-SAA172406,生物学(1) 福田,0,時間割由来,時間割由来科目,2026前期/1年,elective,schedule-derived,2026世田谷キャンパス前期.pdf,火4 前期前 saa172406 達哉,schedule_only_credit_unknown,生物学(1)福田,理工学部の学科別教育課程表PDF未提供のため、2026年前期時間割から補助生成。単位数0は要確認。
SCH-SAA112401,数理統計学(a) 出耒,0,時間割由来,時間割由来科目,2026前期/2年,elective,schedule-derived,2026世田谷キャンパス前期.pdf,火4 前期前 saa112401 光夫,schedule_only_credit_unknown,数理統計学(a)出耒,理工学部の学科別教育課程表PDF未提供のため、2026年前期時間割から補助生成。単位数0は要確認。
SCH-SAA172405,惑星科学 萩谷 津村,0,時間割由来,時間割由来科目,2026前期/3年,elective,schedule-derived,2026世田谷キャンパス前期.pdf,火4 前期前 saa172405 宏 耕司,schedule_only_credit_unknown,惑星科学萩谷津村,理工学部の学科別教育課程表PDF未提供のため、2026年前期時間割から補助生成。単位数0は要確認。
SCH-SAB172405,化学(1) 高木,0,時間割由来,時間割由来科目,2026前期/1年,elective,schedule-derived,2026世田谷キャンパス前期.pdf,火4 前期後 sab172405 晋作,schedule_only_credit_unknown,化学(1)高木,理工学部の学科別教育課程表PDF未提供のため、2026年前期時間割から補助生成。単位数0は要確認。
SCH-SAB112403,数理統計学(b) 出耒,0,時間割由来,時間割由来科目,2026前期/2年,elective,schedule-derived,2026世田谷キャンパス前期.pdf,火4 前期後 sab112403 光夫,schedule_only_credit_unknown,数理統計学(b)出耒,理工学部の学科別教育課程表PDF未提供のため、2026年前期時間割から補助生成。単位数0は要確認。
SCH-SAB172406,生命と物質 福田,0,時間割由来,時間割由来科目,2026前期/3年,elective,schedule-derived,2026世田谷キャンパス前期.pdf,火4 前期後 sab172406 達哉,schedule_only_credit_unknown,生命と物質福田,理工学部の学科別教育課程表PDF未提供のため、2026年前期時間割から補助生成。単位数0は要確認。
SCH-SAZ322503,数学演習(1) 古田 郭,0,時間割由来,時間割由来科目,2026前期/1年,elective,schedule-derived,2026世田谷キャンパス前期.pdf,火5 前期 saz322503 公司 柔均,schedule_only_credit_unknown,数学演習(1)古田郭,理工学部の学科別教育課程表PDF未提供のため、2026年前期時間割から補助生成。単位数0は要確認。
SCH-SAA322501,数学演習(1a) 古田 郭,0,時間割由来,時間割由来科目,2026前期/1年,elective,schedule-derived,2026世田谷キャンパス前期.pdf,火5 前期前 saa322501 公司 柔均,schedule_only_credit_unknown,数学演習(1a)古田郭,理工学部の学科別教育課程表PDF未提供のため、2026年前期時間割から補助生成。単位数0は要確認。
SCH-SAB322502,数学演習(1b) 古田 郭,0,時間割由来,時間割由来科目,2026前期/1年,elective,schedule-derived,2026世田谷キャンパス前期.pdf,火5 前期後 sab322502 公司 柔均,schedule_only_credit_unknown,数学演習(1b)古田郭,理工学部の学科別教育課程表PDF未提供のため、2026年前期時間割から補助生成。単位数0は要確認。
SCH-SAZ173101,自然科学科実験及び演習 吉田 須藤 中島 萩谷,0,時間割由来,時間割由来科目,2026前期/2年,elective,schedule-derived,2026世田谷キャンパス前期.pdf,水1 前期 saz173101 真史 誠一 同実験室 保寿 宏,schedule_only_credit_unknown,自然科学科実験及び演習吉田須藤中島萩谷,理工学部の学科別教育課程表PDF未提供のため、2026年前期時間割から補助生成。単位数0は要確認。
SCH-SAA123107,基礎体育(1a) 山田 井村 岩本 山口,0,時間割由来,時間割由来科目,2026前期/1年,elective,schedule-derived,2026世田谷キャンパス前期.pdf,水1 前期前 saa123107 盛朗 祥子 哲也 良博,schedule_only_credit_unknown,基礎体育(1a)山田井村岩本山口,理工学部の学科別教育課程表PDF未提供のため、2026年前期時間割から補助生成。単位数0は要確認。
SCH-SAB123108,基礎体育(1b) 山田 井村 岩本 山口,0,時間割由来,時間割由来科目,2026前期/1年,elective,schedule-derived,2026世田谷キャンパス前期.pdf,水1 前期後 sab123108 盛朗 祥子 哲也 良博,schedule_only_credit_unknown,基礎体育(1b)山田井村岩本山口,理工学部の学科別教育課程表PDF未提供のため、2026年前期時間割から補助生成。単位数0は要確認。
SCH-SAZ173201,PBL(1) 堀越 須藤,0,時間割由来,時間割由来科目,2026前期/1年,elective,schedule-derived,2026世田谷キャンパス前期.pdf,水2 前期 saz173201 篤史 誠一,schedule_only_credit_unknown,PBL(1)堀越須藤,理工学部の学科別教育課程表PDF未提供のため、2026年前期時間割から補助生成。単位数0は要確認。
SCH-SAZ173201,知識工学汎論 堀越 須藤,0,時間割由来,時間割由来科目,2026前期/1年,elective,schedule-derived,2026世田谷キャンパス前期.pdf,水2 前期 saz173201 篤史 誠一,schedule_only_credit_unknown,知識工学汎論堀越須藤,理工学部の学科別教育課程表PDF未提供のため、2026年前期時間割から補助生成。単位数0は要確認。
SCH-SAA171103,化学実験 吉田 高木 中村 石井,0,時間割由来,時間割由来科目,2026前期/1年,elective,schedule-derived,2026世田谷キャンパス前期.pdf,木1 前期前 saa171103 真史 晋作 和彦 義孝,schedule_only_credit_unknown,化学実験吉田高木中村石井,理工学部の学科別教育課程表PDF未提供のため、2026年前期時間割から補助生成。単位数0は要確認。
SCH-SAB171104,化学実験 吉田 田中 中村 石井,0,時間割由来,時間割由来科目,2026前期/1年,elective,schedule-derived,2026世田谷キャンパス前期.pdf,木1 前期後 sab171104 真史 健太郎 和彦 義孝,schedule_only_credit_unknown,化学実験吉田田中中村石井,理工学部の学科別教育課程表PDF未提供のため、2026年前期時間割から補助生成。単位数0は要確認。
SCH-SAB171401,ベクトル解析学 服部,0,時間割由来,時間割由来科目,2026前期/2年,elective,schedule-derived,2026世田谷キャンパス前期.pdf,木2 前期後 sab171401 新,schedule_only_credit_unknown,ベクトル解析学服部,理工学部の学科別教育課程表PDF未提供のため、2026年前期時間割から補助生成。単位数0は要確認。
SCH-SAZ174303,代数学(1) 古田,0,時間割由来,時間割由来科目,2026前期/2年,elective,schedule-derived,2026世田谷キャンパス前期.pdf,木3 前期 saz174303 公司,schedule_only_credit_unknown,代数学(1)古田,理工学部の学科別教育課程表PDF未提供のため、2026年前期時間割から補助生成。単位数0は要確認。
SCH-SAA171302,物理学(1) 飯島,0,時間割由来,時間割由来科目,2026前期/1年,elective,schedule-derived,2026世田谷キャンパス前期.pdf,木3 前期前 saa171302 正徳,schedule_only_credit_unknown,物理学(1)飯島,理工学部の学科別教育課程表PDF未提供のため、2026年前期時間割から補助生成。単位数0は要確認。
SCH-SAA171302,力学 飯島,0,時間割由来,時間割由来科目,2026前期/1年,elective,schedule-derived,2026世田谷キャンパス前期.pdf,木3 前期前 saa171302 正徳,schedule_only_credit_unknown,力学飯島,理工学部の学科別教育課程表PDF未提供のため、2026年前期時間割から補助生成。単位数0は要確認。
SCH-SAA174304,博物館学(3) 中島 青塚 森 筒井,0,時間割由来,時間割由来科目,2026前期/3年,elective,schedule-derived,2026世田谷キャンパス前期.pdf,木3 前期前 saa174304 保寿 圭一 健人 牧子,schedule_only_credit_unknown,博物館学(3)中島青塚森筒井,理工学部の学科別教育課程表PDF未提供のため、2026年前期時間割から補助生成。単位数0は要確認。
SCH-SAB171303,地球変動論 萩谷,0,時間割由来,時間割由来科目,2026前期/2年,elective,schedule-derived,2026世田谷キャンパス前期.pdf,木3 前期後 sab171303 宏,schedule_only_credit_unknown,地球変動論萩谷,理工学部の学科別教育課程表PDF未提供のため、2026年前期時間割から補助生成。単位数0は要確認。
SCH-SAB171305,分子の運動 高木,0,時間割由来,時間割由来科目,2026前期/3年,elective,schedule-derived,2026世田谷キャンパス前期.pdf,木3 前期後 sab171305 晋作,schedule_only_credit_unknown,分子の運動高木,理工学部の学科別教育課程表PDF未提供のため、2026年前期時間割から補助生成。単位数0は要確認。
SCH-SAA171403,物理学(1)演習 飯島,0,時間割由来,時間割由来科目,2026前期/1年,elective,schedule-derived,2026世田谷キャンパス前期.pdf,木4 前期前 saa171403 正徳,schedule_only_credit_unknown,物理学(1)演習飯島,理工学部の学科別教育課程表PDF未提供のため、2026年前期時間割から補助生成。単位数0は要確認。
SCH-SAA171403,力学演習 飯島,0,時間割由来,時間割由来科目,2026前期/1年,elective,schedule-derived,2026世田谷キャンパス前期.pdf,木4 前期前 saa171403 正徳,schedule_only_credit_unknown,力学演習飯島,理工学部の学科別教育課程表PDF未提供のため、2026年前期時間割から補助生成。単位数0は要確認。
SCH-SAA141202,微分方程式論 中井,0,時間割由来,時間割由来科目,2026前期/2年,elective,schedule-derived,2026世田谷キャンパス前期.pdf,木4 前期前 saa141202 洋史,schedule_only_credit_unknown,微分方程式論中井,理工学部の学科別教育課程表PDF未提供のため、2026年前期時間割から補助生成。単位数0は要確認。
SCH-SAB172308,地学(1) 萩谷,0,時間割由来,時間割由来科目,2026前期/1年,elective,schedule-derived,2026世田谷キャンパス前期.pdf,木4 前期後 sab172308 宏,schedule_only_credit_unknown,地学(1)萩谷,理工学部の学科別教育課程表PDF未提供のため、2026年前期時間割から補助生成。単位数0は要確認。
SCH-SAB171203,集合と論理 中井,0,時間割由来,時間割由来科目,2026前期/2年,elective,schedule-derived,2026世田谷キャンパス前期.pdf,木4 前期後 sab171203 洋史,schedule_only_credit_unknown,集合と論理中井,理工学部の学科別教育課程表PDF未提供のため、2026年前期時間割から補助生成。単位数0は要確認。
SCH-SAB171406,古生物学 中島,0,時間割由来,時間割由来科目,2026前期/3年,elective,schedule-derived,2026世田谷キャンパス前期.pdf,木4 前期後 sab171406 保寿,schedule_only_credit_unknown,古生物学中島,理工学部の学科別教育課程表PDF未提供のため、2026年前期時間割から補助生成。単位数0は要確認。
SCH-SAZ314501,デジタル信号処理 L・マテラム,0,時間割由来,時間割由来科目,2026前期/2年,elective,schedule-derived,2026世田谷キャンパス前期.pdf,木5 前期 saz314501 ,schedule_only_credit_unknown,デジタル信号処理L・マテラム,理工学部の学科別教育課程表PDF未提供のため、2026年前期時間割から補助生成。単位数0は要確認。
SCH-SAA124501,微分積分学(2a) 山本,0,時間割由来,時間割由来科目,2026前期/2年,elective,schedule-derived,2026世田谷キャンパス前期.pdf,木5 前期前 saa124501 現,schedule_only_credit_unknown,微分積分学(2a)山本,理工学部の学科別教育課程表PDF未提供のため、2026年前期時間割から補助生成。単位数0は要確認。
SCH-SAB315101,専門キャリアデザイン,0,時間割由来,時間割由来科目,2026前期/3年,elective,schedule-derived,2026世田谷キャンパス前期.pdf,金1 前期後 sab315101 川上 誓,schedule_only_credit_unknown,専門キャリアデザイン,理工学部の学科別教育課程表PDF未提供のため、2026年前期時間割から補助生成。単位数0は要確認。
SCH-SAZ125201,Communication,0,時間割由来,時間割由来科目,2026前期/1年,elective,schedule-derived,2026世田谷キャンパス前期.pdf,金2 前期 saz125201 佐竹 幸信,schedule_only_credit_unknown,Communication,理工学部の学科別教育課程表PDF未提供のため、2026年前期時間割から補助生成。単位数0は要確認。
SCH-SAZ125203,Communication Skills(1),0,時間割由来,時間割由来科目,2026前期/1年,elective,schedule-derived,2026世田谷キャンパス前期.pdf,金2 前期 saz125203 ヴァーラ内田 エイ ドリアン ミッシェ,schedule_only_credit_unknown,CommunicationSkills(1),理工学部の学科別教育課程表PDF未提供のため、2026年前期時間割から補助生成。単位数0は要確認。
SCH-SAA172303,進化論,0,時間割由来,時間割由来科目,2026前期/2年,elective,schedule-derived,2026世田谷キャンパス前期.pdf,金3 前期前 saa172303 福田 達哉 中島 保寿 田中 健太郎,schedule_only_credit_unknown,進化論,理工学部の学科別教育課程表PDF未提供のため、2026年前期時間割から補助生成。単位数0は要確認。
SCH-SAB172304,プレート･テクトニクス,0,時間割由来,時間割由来科目,2026前期/2年,elective,schedule-derived,2026世田谷キャンパス前期.pdf,金3 前期後 sab172304 小田島 庸浩,schedule_only_credit_unknown,プレート・テクトニクス,理工学部の学科別教育課程表PDF未提供のため、2026年前期時間割から補助生成。単位数0は要確認。
SCH-SAB172307,現代代数学,0,時間割由来,時間割由来科目,2026前期/3年,elective,schedule-derived,2026世田谷キャンパス前期.pdf,金3 前期後 sab172307 橋本 義武,schedule_only_credit_unknown,現代代数学,理工学部の学科別教育課程表PDF未提供のため、2026年前期時間割から補助生成。単位数0は要確認。
SCH-SAA172405,惑星科学,0,時間割由来,時間割由来科目,2026前期/3年,elective,schedule-derived,2026世田谷キャンパス前期.pdf,金4 前期前 saa172405 萩谷 宏 津村 耕司,schedule_only_credit_unknown,惑星科学,理工学部の学科別教育課程表PDF未提供のため、2026年前期時間割から補助生成。単位数0は要確認。
SCH-SAB172406,生命と物質,0,時間割由来,時間割由来科目,2026前期/3年,elective,schedule-derived,2026世田谷キャンパス前期.pdf,金4 前期後 sab172406 福田 達哉,schedule_only_credit_unknown,生命と物質,理工学部の学科別教育課程表PDF未提供のため、2026年前期時間割から補助生成。単位数0は要確認。
SCH-SAZ315501,情報理論,0,時間割由来,時間割由来科目,2026前期/2年,elective,schedule-derived,2026世田谷キャンパス前期.pdf,金5 前期 saz315501 L・マテラム,schedule_only_credit_unknown,情報理論,理工学部の学科別教育課程表PDF未提供のため、2026年前期時間割から補助生成。単位数0は要確認。
SCH-SAZ006104,生物学実験,0,時間割由来,時間割由来科目,2026前期/1年,elective,schedule-derived,2026世田谷キャンパス前期.pdf,土1 前期 saz006104 福田 達哉 中島 保寿 験室 池田 佑美 池島 宏子,schedule_only_credit_unknown,生物学実験,理工学部の学科別教育課程表PDF未提供のため、2026年前期時間割から補助生成。単位数0は要確認。
SCH-SAZ316103,情報社会と職業,0,時間割由来,時間割由来科目,2026前期/3年,elective,schedule-derived,2026世田谷キャンパス前期.pdf,土1 前期 saz316103 川上 誓,schedule_only_credit_unknown,情報社会と職業,理工学部の学科別教育課程表PDF未提供のため、2026年前期時間割から補助生成。単位数0は要確認。
SCH-SAB176101,地理学,0,時間割由来,時間割由来科目,2026前期/3年,elective,schedule-derived,2026世田谷キャンパス前期.pdf,土1 前期後 sab176101 吉村 風,schedule_only_credit_unknown,地理学,理工学部の学科別教育課程表PDF未提供のため、2026年前期時間割から補助生成。単位数0は要確認。
SCH-SAZ137612,ひとづくり(2),0,時間割由来,時間割由来科目,2026前期/2年,elective,schedule-derived,2026世田谷キャンパス前期.pdf,土4 前集中 saz137612 杉浦 正吾 加藤 雄一,schedule_only_credit_unknown,ひとづくり(2),理工学部の学科別教育課程表PDF未提供のため、2026年前期時間割から補助生成。単位数0は要確認。
SCH-SAZ137615,ひらめきづくり(3),0,時間割由来,時間割由来科目,2026前期/2年,elective,schedule-derived,2026世田谷キャンパス前期.pdf,土4 前集中 saz137615 杉浦 正吾 N・スランタ 加藤 雄一,schedule_only_credit_unknown,ひらめきづくり(3),理工学部の学科別教育課程表PDF未提供のため、2026年前期時間割から補助生成。単位数0は要確認。
SCH-SAZ177605,PBL(2),0,時間割由来,時間割由来科目,2026前期/2年,elective,schedule-derived,2026世田谷キャンパス前期.pdf,土4 前集中 saz177605 服部 新 吉田 真史,schedule_only_credit_unknown,PBL(2),理工学部の学科別教育課程表PDF未提供のため、2026年前期時間割から補助生成。単位数0は要確認。
SCH-SAZ137622,ことづくり(4),0,時間割由来,時間割由来科目,2026前期/3年,elective,schedule-derived,2026世田谷キャンパス前期.pdf,土4 前集中 saz137622 瀬戸 久美子,schedule_only_credit_unknown,ことづくり(4),理工学部の学科別教育課程表PDF未提供のため、2026年前期時間割から補助生成。単位数0は要確認。
SCH-SAZ137624,ひらめきづくり(5),0,時間割由来,時間割由来科目,2026前期/3年,elective,schedule-derived,2026世田谷キャンパス前期.pdf,土4 前集中 saz137624 杉浦 正吾 大木 浩士,schedule_only_credit_unknown,ひらめきづくり(5),理工学部の学科別教育課程表PDF未提供のため、2026年前期時間割から補助生成。単位数0は要確認。
SCH-SAZ177606,事例研究(1),0,時間割由来,時間割由来科目,2026前期/3年,elective,schedule-derived,2026世田谷キャンパス前期.pdf,土4 前集中 saz177606 橋本 義武 飯島 正徳 福田 達哉 吉田 真史,schedule_only_credit_unknown,事例研究(1),理工学部の学科別教育課程表PDF未提供のため、2026年前期時間割から補助生成。単位数0は要確認。
SCH-SAZ177607,博物館学実習(1),0,時間割由来,時間割由来科目,2026前期/3年,elective,schedule-derived,2026世田谷キャンパス前期.pdf,土4 前集中 saz177607 萩谷 宏 和田 浩,schedule_only_credit_unknown,博物館学実習(1),理工学部の学科別教育課程表PDF未提供のため、2026年前期時間割から補助生成。単位数0は要確認。
SCH-SAZ177608,博物館展示論,0,時間割由来,時間割由来科目,2026前期/3年,elective,schedule-derived,2026世田谷キャンパス前期.pdf,土4 前集中 saz177608 滝本 秀夫 高木 晋作,schedule_only_credit_unknown,博物館展示論,理工学部の学科別教育課程表PDF未提供のため、2026年前期時間割から補助生成。単位数0は要確認。
SCH-SAZ177609,野外調査法及び実習(2),0,時間割由来,時間割由来科目,2026前期/3年,elective,schedule-derived,2026世田谷キャンパス前期.pdf,土4 前集中 saz177609 福田 達哉 萩谷 宏 中島 保寿 田中 健太郎,schedule_only_credit_unknown,野外調査法及び実習(2),理工学部の学科別教育課程表PDF未提供のため、2026年前期時間割から補助生成。単位数0は要確認。
SCH-SAZ177615,卒業研究(1),0,時間割由来,時間割由来科目,2026前期/4年,elective,schedule-derived,2026世田谷キャンパス前期.pdf,土4 前集中 saz177615 福田 達哉 飯島 正徳 橋本 義武 吉田 真史,schedule_only_credit_unknown,卒業研究(1),理工学部の学科別教育課程表PDF未提供のため、2026年前期時間割から補助生成。単位数0は要確認。
SCH-SAZ177616,卒業研究(2),0,時間割由来,時間割由来科目,2026前期/4年,elective,schedule-derived,2026世田谷キャンパス前期.pdf,土4 前集中 saz177616 福田 達哉 飯島 正徳 橋本 義武 吉田 真史,schedule_only_credit_unknown,卒業研究(2),理工学部の学科別教育課程表PDF未提供のため、2026年前期時間割から補助生成。単位数0は要確認。
SCH-SZZ177619,卒業研究 福田 飯島 橋本 吉田,0,時間割由来,時間割由来科目,2026前期/4年,elective,schedule-derived,2026世田谷キャンパス前期.pdf,土4 通年 szz177619 達哉 正徳 義武 真史,schedule_only_credit_unknown,卒業研究福田飯島橋本吉田,理工学部の学科別教育課程表PDF未提供のため、2026年前期時間割から補助生成。単位数0は要確認。
