departmentId,facultyId,faculty,departmentName,stage,area,subarea,requirementKey,requiredCredits,requirementRequiredCredits,requirementElectiveRequired1Credits,requirementElectiveRequired2Credits,requirementFreeCredits,courseId,title,credits,courseType,rawRequired,category,group,applicability,matchReason,sourceFile,sourceQuality,sourcePage,notes
kankyo_sosei,kankyo,環境学部,環境創生学科,卒業,基礎科目,外国語科目,卒業:基礎科目:外国語科目,8.0,0.0,0.0,0.0,8.0,FL-111,Communication Skills(1),1.0,required,○,基礎科目,外国語科目,required_course,exact_subarea_match:外国語科目,e69aa2716a5d0db78c4241f183a36f63.pdf,pdftotext_line,84,department=環境創生学科; source_page=84
kankyo_sosei,kankyo,環境学部,環境創生学科,卒業,基礎科目,外国語科目,卒業:基礎科目:外国語科目,8.0,0.0,0.0,0.0,8.0,FL-113,Communication Skills(2),1.0,required,○,基礎科目,外国語科目,required_course,exact_subarea_match:外国語科目,e69aa2716a5d0db78c4241f183a36f63.pdf,pdftotext_line,84,department=環境創生学科; source_page=84
kankyo_sosei,kankyo,環境学部,環境創生学科,卒業,基礎科目,外国語科目,卒業:基礎科目:外国語科目,8.0,0.0,0.0,0.0,8.0,FL-115,Reading and Writing(1a),0.5,required,○,基礎科目,外国語科目,required_course,exact_subarea_match:外国語科目,e69aa2716a5d0db78c4241f183a36f63.pdf,pdftotext_line,84,department=環境創生学科; source_page=84
kankyo_sosei,kankyo,環境学部,環境創生学科,卒業,基礎科目,外国語科目,卒業:基礎科目:外国語科目,8.0,0.0,0.0,0.0,8.0,FL-116,Reading and Writing(1b),0.5,required,○,基礎科目,外国語科目,required_course,exact_subarea_match:外国語科目,e69aa2716a5d0db78c4241f183a36f63.pdf,pdftotext_line,84,department=環境創生学科; source_page=84
kankyo_sosei,kankyo,環境学部,環境創生学科,卒業,基礎科目,外国語科目,卒業:基礎科目:外国語科目,8.0,0.0,0.0,0.0,8.0,FL-117,Reading and Writing(2a),0.5,required,○,基礎科目,外国語科目,required_course,exact_subarea_match:外国語科目,e69aa2716a5d0db78c4241f183a36f63.pdf,pdftotext_line,84,department=環境創生学科; source_page=84
kankyo_sosei,kankyo,環境学部,環境創生学科,卒業,基礎科目,外国語科目,卒業:基礎科目:外国語科目,8.0,0.0,0.0,0.0,8.0,FL-118,Reading and Writing(2b),0.5,required,○,基礎科目,外国語科目,required_course,exact_subarea_match:外国語科目,e69aa2716a5d0db78c4241f183a36f63.pdf,pdftotext_line,84,department=環境創生学科; source_page=84
kankyo_sosei,kankyo,環境学部,環境創生学科,卒業,基礎科目,外国語科目,卒業:基礎科目:外国語科目,8.0,0.0,0.0,0.0,8.0,FL-211,Basic English Training(a),1.0,elective,,基礎科目,外国語科目,elective_candidate,exact_subarea_match:外国語科目,e69aa2716a5d0db78c4241f183a36f63.pdf,pdftotext_line,84,department=環境創生学科; source_page=84
kankyo_sosei,kankyo,環境学部,環境創生学科,卒業,基礎科目,外国語科目,卒業:基礎科目:外国語科目,8.0,0.0,0.0,0.0,8.0,FL-212,Basic English Training(b),1.0,elective,,基礎科目,外国語科目,elective_candidate,exact_subarea_match:外国語科目,e69aa2716a5d0db78c4241f183a36f63.pdf,pdftotext_line,84,department=環境創生学科; source_page=84
kankyo_sosei,kankyo,環境学部,環境創生学科,卒業,基礎科目,外国語科目,卒業:基礎科目:外国語科目,8.0,0.0,0.0,0.0,8.0,FL-213,Grammar(1a),1.0,elective,G,基礎科目,外国語科目,elective_candidate,exact_subarea_match:外国語科目,e69aa2716a5d0db78c4241f183a36f63.pdf,pdftotext_line,84,department=環境創生学科; source_page=84
kankyo_sosei,kankyo,環境学部,環境創生学科,卒業,基礎科目,外国語科目,卒業:基礎科目:外国語科目,8.0,0.0,0.0,0.0,8.0,FL-214,Grammar(1b),1.0,elective,G,基礎科目,外国語科目,elective_candidate,exact_subarea_match:外国語科目,e69aa2716a5d0db78c4241f183a36f63.pdf,pdftotext_line,84,department=環境創生学科; source_page=84
kankyo_sosei,kankyo,環境学部,環境創生学科,卒業,基礎科目,外国語科目,卒業:基礎科目:外国語科目,8.0,0.0,0.0,0.0,8.0,FL-215,Grammar(2a),1.0,elective,G,基礎科目,外国語科目,elective_candidate,exact_subarea_match:外国語科目,e69aa2716a5d0db78c4241f183a36f63.pdf,pdftotext_line,84,department=環境創生学科; source_page=84
kankyo_sosei,kankyo,環境学部,環境創生学科,卒業,基礎科目,外国語科目,卒業:基礎科目:外国語科目,8.0,0.0,0.0,0.0,8.0,FL-216,Grammar(2b),1.0,elective,G,基礎科目,外国語科目,elective_candidate,exact_subarea_match:外国語科目,e69aa2716a5d0db78c4241f183a36f63.pdf,pdftotext_line,84,department=環境創生学科; source_page=84
kankyo_sosei,kankyo,環境学部,環境創生学科,卒業,基礎科目,外国語科目,卒業:基礎科目:外国語科目,8.0,0.0,0.0,0.0,8.0,FL-217,Test Taking Skills(1a),1.0,elective,,基礎科目,外国語科目,elective_candidate,exact_subarea_match:外国語科目,e69aa2716a5d0db78c4241f183a36f63.pdf,pdftotext_line,84,department=環境創生学科; source_page=84
kankyo_sosei,kankyo,環境学部,環境創生学科,卒業,基礎科目,外国語科目,卒業:基礎科目:外国語科目,8.0,0.0,0.0,0.0,8.0,FL-218,Test Taking Skills(1b),1.0,elective,,基礎科目,外国語科目,elective_candidate,exact_subarea_match:外国語科目,e69aa2716a5d0db78c4241f183a36f63.pdf,pdftotext_line,84,department=環境創生学科; source_page=84
kankyo_sosei,kankyo,環境学部,環境創生学科,卒業,基礎科目,外国語科目,卒業:基礎科目:外国語科目,8.0,0.0,0.0,0.0,8.0,FL-219,Test Taking Skills(2a),1.0,elective,,基礎科目,外国語科目,elective_candidate,exact_subarea_match:外国語科目,e69aa2716a5d0db78c4241f183a36f63.pdf,pdftotext_line,84,department=環境創生学科; source_page=84
kankyo_sosei,kankyo,環境学部,環境創生学科,卒業,基礎科目,外国語科目,卒業:基礎科目:外国語科目,8.0,0.0,0.0,0.0,8.0,FL-22A,Test Taking Skills(2b),1.0,elective,,基礎科目,外国語科目,elective_candidate,exact_subarea_match:外国語科目,e69aa2716a5d0db78c4241f183a36f63.pdf,pdftotext_line,84,department=環境創生学科; source_page=84
kankyo_sosei,kankyo,環境学部,環境創生学科,卒業,基礎科目,外国語科目,卒業:基礎科目:外国語科目,8.0,0.0,0.0,0.0,8.0,FL-311,Test Taking Skills(3a),1.0,elective,,基礎科目,外国語科目,elective_candidate,exact_subarea_match:外国語科目,e69aa2716a5d0db78c4241f183a36f63.pdf,pdftotext_line,84,department=環境創生学科; source_page=84
kankyo_sosei,kankyo,環境学部,環境創生学科,卒業,基礎科目,外国語科目,卒業:基礎科目:外国語科目,8.0,0.0,0.0,0.0,8.0,FL-312,Test Taking Skills(3b),1.0,elective,,基礎科目,外国語科目,elective_candidate,exact_subarea_match:外国語科目,e69aa2716a5d0db78c4241f183a36f63.pdf,pdftotext_line,84,department=環境創生学科; source_page=84
kankyo_sosei,kankyo,環境学部,環境創生学科,卒業,基礎科目,外国語科目,卒業:基礎科目:外国語科目,8.0,0.0,0.0,0.0,8.0,FL-22B,Critical Reading(1a),1.0,elective,,基礎科目,外国語科目,elective_candidate,exact_subarea_match:外国語科目,e69aa2716a5d0db78c4241f183a36f63.pdf,pdftotext_line,84,department=環境創生学科; source_page=84
kankyo_sosei,kankyo,環境学部,環境創生学科,卒業,基礎科目,外国語科目,卒業:基礎科目:外国語科目,8.0,0.0,0.0,0.0,8.0,FL-22C,Critical Reading(1b),1.0,elective,,基礎科目,外国語科目,elective_candidate,exact_subarea_match:外国語科目,e69aa2716a5d0db78c4241f183a36f63.pdf,pdftotext_line,84,department=環境創生学科; source_page=84
kankyo_sosei,kankyo,環境学部,環境創生学科,卒業,基礎科目,外国語科目,卒業:基礎科目:外国語科目,8.0,0.0,0.0,0.0,8.0,FL-22D,Critical Reading(2a),1.0,elective,,基礎科目,外国語科目,elective_candidate,exact_subarea_match:外国語科目,e69aa2716a5d0db78c4241f183a36f63.pdf,pdftotext_line,84,department=環境創生学科; source_page=84
kankyo_sosei,kankyo,環境学部,環境創生学科,卒業,基礎科目,外国語科目,卒業:基礎科目:外国語科目,8.0,0.0,0.0,0.0,8.0,FL-22E,ス,1.0,elective,,基礎科目,外国語科目,elective_candidate,exact_subarea_match:外国語科目,e69aa2716a5d0db78c4241f183a36f63.pdf,pdftotext_line,84,department=環境創生学科; source_page=84
kankyo_sosei,kankyo,環境学部,環境創生学科,卒業,基礎科目,外国語科目,卒業:基礎科目:外国語科目,8.0,0.0,0.0,0.0,8.0,FL-313,キ,1.0,elective,,基礎科目,外国語科目,elective_candidate,exact_subarea_match:外国語科目,e69aa2716a5d0db78c4241f183a36f63.pdf,pdftotext_line,84,department=環境創生学科; source_page=84
kankyo_sosei,kankyo,環境学部,環境創生学科,卒業,基礎科目,外国語科目,卒業:基礎科目:外国語科目,8.0,0.0,0.0,0.0,8.0,FL-314,）,1.0,elective,,基礎科目,外国語科目,elective_candidate,exact_subarea_match:外国語科目,e69aa2716a5d0db78c4241f183a36f63.pdf,pdftotext_line,84,department=環境創生学科; source_page=84
kankyo_sosei,kankyo,環境学部,環境創生学科,卒業,基礎科目,外国語科目,卒業:基礎科目:外国語科目,8.0,0.0,0.0,0.0,8.0,FL-21F,Critical Listening(1a),1.0,elective,,基礎科目,外国語科目,elective_candidate,exact_subarea_match:外国語科目,e69aa2716a5d0db78c4241f183a36f63.pdf,pdftotext_line,84,department=環境創生学科; source_page=84
kankyo_sosei,kankyo,環境学部,環境創生学科,卒業,基礎科目,外国語科目,卒業:基礎科目:外国語科目,8.0,0.0,0.0,0.0,8.0,FL-21G,Critical Listening(1b),1.0,elective,,基礎科目,外国語科目,elective_candidate,exact_subarea_match:外国語科目,e69aa2716a5d0db78c4241f183a36f63.pdf,pdftotext_line,84,department=環境創生学科; source_page=84
kankyo_sosei,kankyo,環境学部,環境創生学科,卒業,基礎科目,外国語科目,卒業:基礎科目:外国語科目,8.0,0.0,0.0,0.0,8.0,FL-21H,Critical Listening(2a),1.0,elective,,基礎科目,外国語科目,elective_candidate,exact_subarea_match:外国語科目,e69aa2716a5d0db78c4241f183a36f63.pdf,pdftotext_line,84,department=環境創生学科; source_page=84
kankyo_sosei,kankyo,環境学部,環境創生学科,卒業,基礎科目,外国語科目,卒業:基礎科目:外国語科目,8.0,0.0,0.0,0.0,8.0,FL-21I,Critical Listening(2b),1.0,elective,,基礎科目,外国語科目,elective_candidate,exact_subarea_match:外国語科目,e69aa2716a5d0db78c4241f183a36f63.pdf,pdftotext_line,84,department=環境創生学科; source_page=84
kankyo_sosei,kankyo,環境学部,環境創生学科,卒業,基礎科目,外国語科目,卒業:基礎科目:外国語科目,8.0,0.0,0.0,0.0,8.0,FL-315,Critical Listening(3a),1.0,elective,,基礎科目,外国語科目,elective_candidate,exact_subarea_match:外国語科目,e69aa2716a5d0db78c4241f183a36f63.pdf,pdftotext_line,84,department=環境創生学科; source_page=84
kankyo_sosei,kankyo,環境学部,環境創生学科,卒業,基礎科目,外国語科目,卒業:基礎科目:外国語科目,8.0,0.0,0.0,0.0,8.0,FL-316,Critical Listening(3b),1.0,elective,,基礎科目,外国語科目,elective_candidate,exact_subarea_match:外国語科目,e69aa2716a5d0db78c4241f183a36f63.pdf,pdftotext_line,84,department=環境創生学科; source_page=84
kankyo_sosei,kankyo,環境学部,環境創生学科,卒業,基礎科目,外国語科目,卒業:基礎科目:外国語科目,8.0,0.0,0.0,0.0,8.0,FL-21J,Communication Strategies(1a),1.0,elective,,基礎科目,外国語科目,elective_candidate,exact_subarea_match:外国語科目,e69aa2716a5d0db78c4241f183a36f63.pdf,pdftotext_line,84,department=環境創生学科; source_page=84
kankyo_sosei,kankyo,環境学部,環境創生学科,卒業,基礎科目,外国語科目,卒業:基礎科目:外国語科目,8.0,0.0,0.0,0.0,8.0,FL-21K,Communication Strategies(1b),1.0,elective,,基礎科目,外国語科目,elective_candidate,exact_subarea_match:外国語科目,e69aa2716a5d0db78c4241f183a36f63.pdf,pdftotext_line,84,department=環境創生学科; source_page=84
kankyo_sosei,kankyo,環境学部,環境創生学科,卒業,基礎科目,外国語科目,卒業:基礎科目:外国語科目,8.0,0.0,0.0,0.0,8.0,FL-21L,Communication Strategies(2a),1.0,elective,,基礎科目,外国語科目,elective_candidate,exact_subarea_match:外国語科目,e69aa2716a5d0db78c4241f183a36f63.pdf,pdftotext_line,84,department=環境創生学科; source_page=84
kankyo_sosei,kankyo,環境学部,環境創生学科,卒業,基礎科目,外国語科目,卒業:基礎科目:外国語科目,8.0,0.0,0.0,0.0,8.0,FL-21M,Communication Strategies(2b),1.0,elective,,基礎科目,外国語科目,elective_candidate,exact_subarea_match:外国語科目,e69aa2716a5d0db78c4241f183a36f63.pdf,pdftotext_line,84,department=環境創生学科; source_page=84
kankyo_sosei,kankyo,環境学部,環境創生学科,卒業,基礎科目,外国語科目,卒業:基礎科目:外国語科目,8.0,0.0,0.0,0.0,8.0,FL-317,Communication Strategies(3a),1.0,elective,,基礎科目,外国語科目,elective_candidate,exact_subarea_match:外国語科目,e69aa2716a5d0db78c4241f183a36f63.pdf,pdftotext_line,84,department=環境創生学科; source_page=84
kankyo_sosei,kankyo,環境学部,環境創生学科,卒業,基礎科目,外国語科目,卒業:基礎科目:外国語科目,8.0,0.0,0.0,0.0,8.0,FL-318,Communication Strategies(3b),1.0,elective,,基礎科目,外国語科目,elective_candidate,exact_subarea_match:外国語科目,e69aa2716a5d0db78c4241f183a36f63.pdf,pdftotext_line,84,department=環境創生学科; source_page=84
kankyo_sosei,kankyo,環境学部,環境創生学科,卒業,基礎科目,外国語科目,卒業:基礎科目:外国語科目,8.0,0.0,0.0,0.0,8.0,FL-21N,Academic English(1a),1.0,elective,,基礎科目,外国語科目,elective_candidate,exact_subarea_match:外国語科目,e69aa2716a5d0db78c4241f183a36f63.pdf,pdftotext_line,84,department=環境創生学科; source_page=84
kankyo_sosei,kankyo,環境学部,環境創生学科,卒業,基礎科目,外国語科目,卒業:基礎科目:外国語科目,8.0,0.0,0.0,0.0,8.0,FL-21O,Academic English(1b),1.0,elective,,基礎科目,外国語科目,elective_candidate,exact_subarea_match:外国語科目,e69aa2716a5d0db78c4241f183a36f63.pdf,pdftotext_line,84,department=環境創生学科; source_page=84
kankyo_sosei,kankyo,環境学部,環境創生学科,卒業,基礎科目,外国語科目,卒業:基礎科目:外国語科目,8.0,0.0,0.0,0.0,8.0,FL-21P,Academic English(2a),1.0,elective,,基礎科目,外国語科目,elective_candidate,exact_subarea_match:外国語科目,e69aa2716a5d0db78c4241f183a36f63.pdf,pdftotext_line,84,department=環境創生学科; source_page=84
kankyo_sosei,kankyo,環境学部,環境創生学科,卒業,基礎科目,外国語科目,卒業:基礎科目:外国語科目,8.0,0.0,0.0,0.0,8.0,FL-21Q,Academic English(2b),1.0,elective,,基礎科目,外国語科目,elective_candidate,exact_subarea_match:外国語科目,e69aa2716a5d0db78c4241f183a36f63.pdf,pdftotext_line,84,department=環境創生学科; source_page=84
kankyo_sosei,kankyo,環境学部,環境創生学科,卒業,基礎科目,外国語科目,卒業:基礎科目:外国語科目,8.0,0.0,0.0,0.0,8.0,FL-319,Academic English(3a),1.0,elective,,基礎科目,外国語科目,elective_candidate,exact_subarea_match:外国語科目,e69aa2716a5d0db78c4241f183a36f63.pdf,pdftotext_line,84,department=環境創生学科; source_page=84
kankyo_sosei,kankyo,環境学部,環境創生学科,卒業,基礎科目,外国語科目,卒業:基礎科目:外国語科目,8.0,0.0,0.0,0.0,8.0,FL-31A,Academic English(3b),1.0,elective,,基礎科目,外国語科目,elective_candidate,exact_subarea_match:外国語科目,e69aa2716a5d0db78c4241f183a36f63.pdf,pdftotext_line,84,department=環境創生学科; source_page=84
kankyo_sosei,kankyo,環境学部,環境創生学科,卒業,基礎科目,外国語科目,卒業:基礎科目:外国語科目,8.0,0.0,0.0,0.0,8.0,FL-221,Literature in English(1a),1.0,elective,,基礎科目,外国語科目,elective_candidate,exact_subarea_match:外国語科目,e69aa2716a5d0db78c4241f183a36f63.pdf,pdftotext_line,84,department=環境創生学科; source_page=84
kankyo_sosei,kankyo,環境学部,環境創生学科,卒業,基礎科目,外国語科目,卒業:基礎科目:外国語科目,8.0,0.0,0.0,0.0,8.0,FL-222,Literature in English(1b),1.0,elective,,基礎科目,外国語科目,elective_candidate,exact_subarea_match:外国語科目,e69aa2716a5d0db78c4241f183a36f63.pdf,pdftotext_line,84,department=環境創生学科; source_page=84
kankyo_sosei,kankyo,環境学部,環境創生学科,卒業,基礎科目,外国語科目,卒業:基礎科目:外国語科目,8.0,0.0,0.0,0.0,8.0,FL-223,Literature in English(2a),1.0,elective,,基礎科目,外国語科目,elective_candidate,exact_subarea_match:外国語科目,e69aa2716a5d0db78c4241f183a36f63.pdf,pdftotext_line,84,department=環境創生学科; source_page=84
kankyo_sosei,kankyo,環境学部,環境創生学科,卒業,基礎科目,外国語科目,卒業:基礎科目:外国語科目,8.0,0.0,0.0,0.0,8.0,FL-224,Literature in English(2b),1.0,elective,,基礎科目,外国語科目,elective_candidate,exact_subarea_match:外国語科目,e69aa2716a5d0db78c4241f183a36f63.pdf,pdftotext_line,84,department=環境創生学科; source_page=84
kankyo_sosei,kankyo,環境学部,環境創生学科,卒業,基礎科目,外国語科目,卒業:基礎科目:外国語科目,8.0,0.0,0.0,0.0,8.0,FL-225,Global Culture(1a),1.0,elective,G,基礎科目,外国語科目,elective_candidate,exact_subarea_match:外国語科目,e69aa2716a5d0db78c4241f183a36f63.pdf,pdftotext_line,84,department=環境創生学科; source_page=84
kankyo_sosei,kankyo,環境学部,環境創生学科,卒業,基礎科目,外国語科目,卒業:基礎科目:外国語科目,8.0,0.0,0.0,0.0,8.0,FL-226,英,1.0,elective,G,基礎科目,外国語科目,elective_candidate,exact_subarea_match:外国語科目,e69aa2716a5d0db78c4241f183a36f63.pdf,pdftotext_line,84,department=環境創生学科; source_page=84
kankyo_sosei,kankyo,環境学部,環境創生学科,卒業,基礎科目,外国語科目,卒業:基礎科目:外国語科目,8.0,0.0,0.0,0.0,8.0,FL-227,Global Culture(2a),1.0,elective,G,基礎科目,外国語科目,elective_candidate,exact_subarea_match:外国語科目,e69aa2716a5d0db78c4241f183a36f63.pdf,pdftotext_line,84,department=環境創生学科; source_page=84
kankyo_sosei,kankyo,環境学部,環境創生学科,卒業,基礎科目,外国語科目,卒業:基礎科目:外国語科目,8.0,0.0,0.0,0.0,8.0,FL-228,Global Culture(2b),1.0,elective,G,基礎科目,外国語科目,elective_candidate,exact_subarea_match:外国語科目,e69aa2716a5d0db78c4241f183a36f63.pdf,pdftotext_line,84,department=環境創生学科; source_page=84
kankyo_sosei,kankyo,環境学部,環境創生学科,卒業,基礎科目,外国語科目,卒業:基礎科目:外国語科目,8.0,0.0,0.0,0.0,8.0,FL-229,Language Sciences(1a),1.0,elective,,基礎科目,外国語科目,elective_candidate,exact_subarea_match:外国語科目,e69aa2716a5d0db78c4241f183a36f63.pdf,pdftotext_line,84,department=環境創生学科; source_page=84
kankyo_sosei,kankyo,環境学部,環境創生学科,卒業,基礎科目,外国語科目,卒業:基礎科目:外国語科目,8.0,0.0,0.0,0.0,8.0,FL-22F,Language Sciences(1b),1.0,elective,,基礎科目,外国語科目,elective_candidate,exact_subarea_match:外国語科目,e69aa2716a5d0db78c4241f183a36f63.pdf,pdftotext_line,84,department=環境創生学科; source_page=84
kankyo_sosei,kankyo,環境学部,環境創生学科,卒業,基礎科目,外国語科目,卒業:基礎科目:外国語科目,8.0,0.0,0.0,0.0,8.0,FL-22G,）,1.0,elective,,基礎科目,外国語科目,elective_candidate,exact_subarea_match:外国語科目,e69aa2716a5d0db78c4241f183a36f63.pdf,pdftotext_line,84,department=環境創生学科; source_page=84
kankyo_sosei,kankyo,環境学部,環境創生学科,卒業,基礎科目,外国語科目,卒業:基礎科目:外国語科目,8.0,0.0,0.0,0.0,8.0,FL-22H,Language Sciences(2b),1.0,elective,,基礎科目,外国語科目,elective_candidate,exact_subarea_match:外国語科目,e69aa2716a5d0db78c4241f183a36f63.pdf,pdftotext_line,84,department=環境創生学科; source_page=84
kankyo_sosei,kankyo,環境学部,環境創生学科,卒業,基礎科目,外国語科目,卒業:基礎科目:外国語科目,8.0,0.0,0.0,0.0,8.0,FL-22J,Global Society(1a),1.0,elective,G,基礎科目,外国語科目,elective_candidate,exact_subarea_match:外国語科目,e69aa2716a5d0db78c4241f183a36f63.pdf,pdftotext_line,84,department=環境創生学科; source_page=84
kankyo_sosei,kankyo,環境学部,環境創生学科,卒業,基礎科目,外国語科目,卒業:基礎科目:外国語科目,8.0,0.0,0.0,0.0,8.0,FL-22K,Global Society(1b),1.0,elective,G,基礎科目,外国語科目,elective_candidate,exact_subarea_match:外国語科目,e69aa2716a5d0db78c4241f183a36f63.pdf,pdftotext_line,84,department=環境創生学科; source_page=84
kankyo_sosei,kankyo,環境学部,環境創生学科,卒業,基礎科目,外国語科目,卒業:基礎科目:外国語科目,8.0,0.0,0.0,0.0,8.0,FL-22L,Global Society(2a),1.0,elective,G,基礎科目,外国語科目,elective_candidate,exact_subarea_match:外国語科目,e69aa2716a5d0db78c4241f183a36f63.pdf,pdftotext_line,84,department=環境創生学科; source_page=84
kankyo_sosei,kankyo,環境学部,環境創生学科,卒業,基礎科目,外国語科目,卒業:基礎科目:外国語科目,8.0,0.0,0.0,0.0,8.0,FL-22M,Global Society(2b),1.0,elective,G,基礎科目,外国語科目,elective_candidate,exact_subarea_match:外国語科目,e69aa2716a5d0db78c4241f183a36f63.pdf,pdftotext_line,84,department=環境創生学科; source_page=84
kankyo_sosei,kankyo,環境学部,環境創生学科,卒業,基礎科目,外国語科目,卒業:基礎科目:外国語科目,8.0,0.0,0.0,0.0,8.0,FL-931,海外・特別選抜セミナー,2.0,elective,,基礎科目,外国語科目,elective_candidate,exact_subarea_match:外国語科目,e69aa2716a5d0db78c4241f183a36f63.pdf,pdftotext_line,84,department=環境創生学科; source_page=84
kankyo_sosei,kankyo,環境学部,環境創生学科,卒業,基礎科目,外国語科目,卒業:基礎科目:外国語科目,8.0,0.0,0.0,0.0,8.0,FL-932,外国語特別講義(1a),1.0,elective,,基礎科目,外国語科目,elective_candidate,exact_subarea_match:外国語科目,e69aa2716a5d0db78c4241f183a36f63.pdf,pdftotext_line,84,department=環境創生学科; source_page=84
kankyo_sosei,kankyo,環境学部,環境創生学科,卒業,基礎科目,外国語科目,卒業:基礎科目:外国語科目,8.0,0.0,0.0,0.0,8.0,FL-934,外国語特別講義(2a),1.0,elective,,基礎科目,外国語科目,elective_candidate,exact_subarea_match:外国語科目,e69aa2716a5d0db78c4241f183a36f63.pdf,pdftotext_line,84,department=環境創生学科; source_page=84
kankyo_sosei,kankyo,環境学部,環境創生学科,卒業,基礎科目,外国語科目,卒業:基礎科目:外国語科目,8.0,0.0,0.0,0.0,8.0,FL-935,外国語特別講義(2b),1.0,elective,,基礎科目,外国語科目,elective_candidate,exact_subarea_match:外国語科目,e69aa2716a5d0db78c4241f183a36f63.pdf,pdftotext_line,84,department=環境創生学科; source_page=84
kankyo_sosei,kankyo,環境学部,環境創生学科,卒業,基礎科目,外国語科目,卒業:基礎科目:外国語科目,8.0,0.0,0.0,0.0,8.0,FL-241,ドイツ語(1a),1.0,elective,,基礎科目,外国語科目,elective_candidate,exact_subarea_match:外国語科目,e69aa2716a5d0db78c4241f183a36f63.pdf,pdftotext_line,84,department=環境創生学科; source_page=84
kankyo_sosei,kankyo,環境学部,環境創生学科,卒業,基礎科目,外国語科目,卒業:基礎科目:外国語科目,8.0,0.0,0.0,0.0,8.0,FL-242,以,1.0,elective,,基礎科目,外国語科目,elective_candidate,exact_subarea_match:外国語科目,e69aa2716a5d0db78c4241f183a36f63.pdf,pdftotext_line,84,department=環境創生学科; source_page=84
kankyo_sosei,kankyo,環境学部,環境創生学科,卒業,基礎科目,外国語科目,卒業:基礎科目:外国語科目,8.0,0.0,0.0,0.0,8.0,FL-243,の,1.0,elective,,基礎科目,外国語科目,elective_candidate,exact_subarea_match:外国語科目,e69aa2716a5d0db78c4241f183a36f63.pdf,pdftotext_line,84,department=環境創生学科; source_page=84
kankyo_sosei,kankyo,環境学部,環境創生学科,卒業,基礎科目,外国語科目,卒業:基礎科目:外国語科目,8.0,0.0,0.0,0.0,8.0,FL-244,ドイツ語(2b),1.0,elective,,基礎科目,外国語科目,elective_candidate,exact_subarea_match:外国語科目,e69aa2716a5d0db78c4241f183a36f63.pdf,pdftotext_line,84,department=環境創生学科; source_page=84
kankyo_sosei,kankyo,環境学部,環境創生学科,卒業,基礎科目,外国語科目,卒業:基礎科目:外国語科目,8.0,0.0,0.0,0.0,8.0,FL-245,フランス語(1a),1.0,elective,,基礎科目,外国語科目,elective_candidate,exact_subarea_match:外国語科目,e69aa2716a5d0db78c4241f183a36f63.pdf,pdftotext_line,84,department=環境創生学科; source_page=84
kankyo_sosei,kankyo,環境学部,環境創生学科,卒業,基礎科目,外国語科目,卒業:基礎科目:外国語科目,8.0,0.0,0.0,0.0,8.0,FL-246,フランス語(1b),1.0,elective,,基礎科目,外国語科目,elective_candidate,exact_subarea_match:外国語科目,e69aa2716a5d0db78c4241f183a36f63.pdf,pdftotext_line,84,department=環境創生学科; source_page=84
kankyo_sosei,kankyo,環境学部,環境創生学科,卒業,基礎科目,外国語科目,卒業:基礎科目:外国語科目,8.0,0.0,0.0,0.0,8.0,FL-247,フランス語(2a),1.0,elective,,基礎科目,外国語科目,elective_candidate,exact_subarea_match:外国語科目,e69aa2716a5d0db78c4241f183a36f63.pdf,pdftotext_line,85,department=環境創生学科; source_page=85
kankyo_sosei,kankyo,環境学部,環境創生学科,卒業,基礎科目,外国語科目,卒業:基礎科目:外国語科目,8.0,0.0,0.0,0.0,8.0,FL-248,フランス語(2b),1.0,elective,,基礎科目,外国語科目,elective_candidate,exact_subarea_match:外国語科目,e69aa2716a5d0db78c4241f183a36f63.pdf,pdftotext_line,85,department=環境創生学科; source_page=85
kankyo_sosei,kankyo,環境学部,環境創生学科,卒業,基礎科目,外国語科目,卒業:基礎科目:外国語科目,8.0,0.0,0.0,0.0,8.0,FL-249,スペイン語(1a),1.0,elective,,基礎科目,外国語科目,elective_candidate,exact_subarea_match:外国語科目,e69aa2716a5d0db78c4241f183a36f63.pdf,pdftotext_line,85,department=環境創生学科; source_page=85
kankyo_sosei,kankyo,環境学部,環境創生学科,卒業,基礎科目,外国語科目,卒業:基礎科目:外国語科目,8.0,0.0,0.0,0.0,8.0,FL-24A,スペイン語(1b),1.0,elective,,基礎科目,外国語科目,elective_candidate,exact_subarea_match:外国語科目,e69aa2716a5d0db78c4241f183a36f63.pdf,pdftotext_line,85,department=環境創生学科; source_page=85
kankyo_sosei,kankyo,環境学部,環境創生学科,卒業,基礎科目,外国語科目,卒業:基礎科目:外国語科目,8.0,0.0,0.0,0.0,8.0,FL-24B,スペイン語(2a),1.0,elective,,基礎科目,外国語科目,elective_candidate,exact_subarea_match:外国語科目,e69aa2716a5d0db78c4241f183a36f63.pdf,pdftotext_line,85,department=環境創生学科; source_page=85
kankyo_sosei,kankyo,環境学部,環境創生学科,卒業,基礎科目,外国語科目,卒業:基礎科目:外国語科目,8.0,0.0,0.0,0.0,8.0,FL-24C,スペイン語(2b),1.0,elective,,基礎科目,外国語科目,elective_candidate,exact_subarea_match:外国語科目,e69aa2716a5d0db78c4241f183a36f63.pdf,pdftotext_line,85,department=環境創生学科; source_page=85
kankyo_sosei,kankyo,環境学部,環境創生学科,卒業,基礎科目,外国語科目,卒業:基礎科目:外国語科目,8.0,0.0,0.0,0.0,8.0,FL-24D,イタリア語(1a),1.0,elective,,基礎科目,外国語科目,elective_candidate,exact_subarea_match:外国語科目,e69aa2716a5d0db78c4241f183a36f63.pdf,pdftotext_line,85,department=環境創生学科; source_page=85
kankyo_sosei,kankyo,環境学部,環境創生学科,卒業,基礎科目,外国語科目,卒業:基礎科目:外国語科目,8.0,0.0,0.0,0.0,8.0,FL-24E,イタリア語(1b),1.0,elective,,基礎科目,外国語科目,elective_candidate,exact_subarea_match:外国語科目,e69aa2716a5d0db78c4241f183a36f63.pdf,pdftotext_line,85,department=環境創生学科; source_page=85
kankyo_sosei,kankyo,環境学部,環境創生学科,卒業,基礎科目,外国語科目,卒業:基礎科目:外国語科目,8.0,0.0,0.0,0.0,8.0,FL-24F,英,1.0,elective,,基礎科目,外国語科目,elective_candidate,exact_subarea_match:外国語科目,e69aa2716a5d0db78c4241f183a36f63.pdf,pdftotext_line,85,department=環境創生学科; source_page=85
kankyo_sosei,kankyo,環境学部,環境創生学科,卒業,基礎科目,外国語科目,卒業:基礎科目:外国語科目,8.0,0.0,0.0,0.0,8.0,FL-24G,イタリア語(2b),1.0,elective,,基礎科目,外国語科目,elective_candidate,exact_subarea_match:外国語科目,e69aa2716a5d0db78c4241f183a36f63.pdf,pdftotext_line,85,department=環境創生学科; source_page=85
kankyo_sosei,kankyo,環境学部,環境創生学科,卒業,基礎科目,外国語科目,卒業:基礎科目:外国語科目,8.0,0.0,0.0,0.0,8.0,FL-24H,中国語(1a),1.0,elective,,基礎科目,外国語科目,elective_candidate,exact_subarea_match:外国語科目,e69aa2716a5d0db78c4241f183a36f63.pdf,pdftotext_line,85,department=環境創生学科; source_page=85
kankyo_sosei,kankyo,環境学部,環境創生学科,卒業,基礎科目,外国語科目,卒業:基礎科目:外国語科目,8.0,0.0,0.0,0.0,8.0,FL-24I,の,1.0,elective,,基礎科目,外国語科目,elective_candidate,exact_subarea_match:外国語科目,e69aa2716a5d0db78c4241f183a36f63.pdf,pdftotext_line,85,department=環境創生学科; source_page=85
kankyo_sosei,kankyo,環境学部,環境創生学科,卒業,基礎科目,外国語科目,卒業:基礎科目:外国語科目,8.0,0.0,0.0,0.0,8.0,FL-24J,中国語(2a),1.0,elective,,基礎科目,外国語科目,elective_candidate,exact_subarea_match:外国語科目,e69aa2716a5d0db78c4241f183a36f63.pdf,pdftotext_line,85,department=環境創生学科; source_page=85
kankyo_sosei,kankyo,環境学部,環境創生学科,卒業,基礎科目,外国語科目,卒業:基礎科目:外国語科目,8.0,0.0,0.0,0.0,8.0,FL-24K,中国語(2b),1.0,elective,,基礎科目,外国語科目,elective_candidate,exact_subarea_match:外国語科目,e69aa2716a5d0db78c4241f183a36f63.pdf,pdftotext_line,85,department=環境創生学科; source_page=85
kankyo_sosei,kankyo,環境学部,環境創生学科,卒業,基礎科目,外国語科目,卒業:基礎科目:外国語科目,8.0,0.0,0.0,0.0,8.0,FL-24L,アラビア語(1a),1.0,elective,,基礎科目,外国語科目,elective_candidate,exact_subarea_match:外国語科目,e69aa2716a5d0db78c4241f183a36f63.pdf,pdftotext_line,85,department=環境創生学科; source_page=85
kankyo_sosei,kankyo,環境学部,環境創生学科,卒業,基礎科目,外国語科目,卒業:基礎科目:外国語科目,8.0,0.0,0.0,0.0,8.0,FL-24M,アラビア語(1b),1.0,elective,,基礎科目,外国語科目,elective_candidate,exact_subarea_match:外国語科目,e69aa2716a5d0db78c4241f183a36f63.pdf,pdftotext_line,85,department=環境創生学科; source_page=85
kankyo_sosei,kankyo,環境学部,環境創生学科,卒業,基礎科目,外国語科目,卒業:基礎科目:外国語科目,8.0,0.0,0.0,0.0,8.0,FL-24N,アラビア語(2a),1.0,elective,,基礎科目,外国語科目,elective_candidate,exact_subarea_match:外国語科目,e69aa2716a5d0db78c4241f183a36f63.pdf,pdftotext_line,85,department=環境創生学科; source_page=85
kankyo_sosei,kankyo,環境学部,環境創生学科,卒業,基礎科目,外国語科目,卒業:基礎科目:外国語科目,8.0,0.0,0.0,0.0,8.0,FL-24O,アラビア語(2b),1.0,elective,,基礎科目,外国語科目,elective_candidate,exact_subarea_match:外国語科目,e69aa2716a5d0db78c4241f183a36f63.pdf,pdftotext_line,85,department=環境創生学科; source_page=85
kankyo_sosei,kankyo,環境学部,環境創生学科,卒業,基礎科目,外国語科目,卒業:基礎科目:外国語科目,8.0,0.0,0.0,0.0,8.0,FL-24P,韓国語(1a),1.0,elective,,基礎科目,外国語科目,elective_candidate,exact_subarea_match:外国語科目,e69aa2716a5d0db78c4241f183a36f63.pdf,pdftotext_line,85,department=環境創生学科; source_page=85
kankyo_sosei,kankyo,環境学部,環境創生学科,卒業,基礎科目,外国語科目,卒業:基礎科目:外国語科目,8.0,0.0,0.0,0.0,8.0,FL-24Q,韓国語(1b),1.0,elective,,基礎科目,外国語科目,elective_candidate,exact_subarea_match:外国語科目,e69aa2716a5d0db78c4241f183a36f63.pdf,pdftotext_line,85,department=環境創生学科; source_page=85
kankyo_sosei,kankyo,環境学部,環境創生学科,卒業,基礎科目,外国語科目,卒業:基礎科目:外国語科目,8.0,0.0,0.0,0.0,8.0,FL-24R,韓国語(2a),1.0,elective,,基礎科目,外国語科目,elective_candidate,exact_subarea_match:外国語科目,e69aa2716a5d0db78c4241f183a36f63.pdf,pdftotext_line,85,department=環境創生学科; source_page=85
kankyo_sosei,kankyo,環境学部,環境創生学科,卒業,基礎科目,外国語科目,卒業:基礎科目:外国語科目,8.0,0.0,0.0,0.0,8.0,FL-24S,韓国語(2b),1.0,elective,,基礎科目,外国語科目,elective_candidate,exact_subarea_match:外国語科目,e69aa2716a5d0db78c4241f183a36f63.pdf,pdftotext_line,85,department=環境創生学科; source_page=85
kankyo_sosei,kankyo,環境学部,環境創生学科,卒業,基礎科目,外国語科目,卒業:基礎科目:外国語科目,8.0,0.0,0.0,0.0,8.0,FL-24T,日本語表現(a),1.0,elective,,基礎科目,外国語科目,elective_candidate,exact_subarea_match:外国語科目,e69aa2716a5d0db78c4241f183a36f63.pdf,pdftotext_line,85,department=環境創生学科; source_page=85
kankyo_sosei,kankyo,環境学部,環境創生学科,卒業,基礎科目,外国語科目,卒業:基礎科目:外国語科目,8.0,0.0,0.0,0.0,8.0,FL-24U,日本語表現(b),1.0,elective,,基礎科目,外国語科目,elective_candidate,exact_subarea_match:外国語科目,e69aa2716a5d0db78c4241f183a36f63.pdf,pdftotext_line,85,department=環境創生学科; source_page=85
kankyo_sosei,kankyo,環境学部,環境創生学科,卒業,基礎科目,体育科目,卒業:基礎科目:体育科目,1.0,0.0,1.0,0.0,0.0,PE-111,体育(1a),0.5,elective-required,△,体育科目,その他,elective_required_candidate,exact_subarea_match:体育科目,e69aa2716a5d0db78c4241f183a36f63.pdf,pdftotext_line,85,department=環境創生学科; source_page=85
kankyo_sosei,kankyo,環境学部,環境創生学科,卒業,基礎科目,体育科目,卒業:基礎科目:体育科目,1.0,0.0,1.0,0.0,0.0,PE-112,体,0.5,elective-required,△,体育科目,その他,elective_required_candidate,exact_subarea_match:体育科目,e69aa2716a5d0db78c4241f183a36f63.pdf,pdftotext_line,85,department=環境創生学科; source_page=85
kankyo_sosei,kankyo,環境学部,環境創生学科,卒業,基礎科目,体育科目,卒業:基礎科目:体育科目,1.0,0.0,1.0,0.0,0.0,PE-113,育,0.5,elective-required,△,体育科目,その他,elective_required_candidate,exact_subarea_match:体育科目,e69aa2716a5d0db78c4241f183a36f63.pdf,pdftotext_line,85,department=環境創生学科; source_page=85
kankyo_sosei,kankyo,環境学部,環境創生学科,卒業,基礎科目,体育科目,卒業:基礎科目:体育科目,1.0,0.0,1.0,0.0,0.0,PE-211,応用体育(1),1.0,elective,,体育科目,その他,elective_candidate,exact_subarea_match:体育科目,e69aa2716a5d0db78c4241f183a36f63.pdf,pdftotext_line,85,department=環境創生学科; source_page=85
kankyo_sosei,kankyo,環境学部,環境創生学科,卒業,基礎科目,体育科目,卒業:基礎科目:体育科目,1.0,0.0,1.0,0.0,0.0,PE-212,応用体育(2),1.0,elective,,体育科目,その他,elective_candidate,exact_subarea_match:体育科目,e69aa2716a5d0db78c4241f183a36f63.pdf,pdftotext_line,85,department=環境創生学科; source_page=85
kankyo_sosei,kankyo,環境学部,環境創生学科,卒業,基礎科目,教養科目,卒業:基礎科目:教養科目,10.0,0.0,0.0,0.0,10.0,LA-111,哲学(1),2.0,elective,Ｇ,基礎科目,教養科目,elective_candidate,exact_subarea_match:教養科目,e69aa2716a5d0db78c4241f183a36f63.pdf,pdftotext_line,85,department=環境創生学科; source_page=85
kankyo_sosei,kankyo,環境学部,環境創生学科,卒業,基礎科目,教養科目,卒業:基礎科目:教養科目,10.0,0.0,0.0,0.0,10.0,LA-112,哲学(2),2.0,elective,Ｇ,基礎科目,教養科目,elective_candidate,exact_subarea_match:教養科目,e69aa2716a5d0db78c4241f183a36f63.pdf,pdftotext_line,85,department=環境創生学科; source_page=85
kankyo_sosei,kankyo,環境学部,環境創生学科,卒業,基礎科目,教養科目,卒業:基礎科目:教養科目,10.0,0.0,0.0,0.0,10.0,LA-113,倫理学(1),2.0,elective,,基礎科目,教養科目,elective_candidate,exact_subarea_match:教養科目,e69aa2716a5d0db78c4241f183a36f63.pdf,pdftotext_line,85,department=環境創生学科; source_page=85
kankyo_sosei,kankyo,環境学部,環境創生学科,卒業,基礎科目,教養科目,卒業:基礎科目:教養科目,10.0,0.0,0.0,0.0,10.0,LA-114,倫理学(2),2.0,elective,,基礎科目,教養科目,elective_candidate,exact_subarea_match:教養科目,e69aa2716a5d0db78c4241f183a36f63.pdf,pdftotext_line,85,department=環境創生学科; source_page=85
kankyo_sosei,kankyo,環境学部,環境創生学科,卒業,基礎科目,教養科目,卒業:基礎科目:教養科目,10.0,0.0,0.0,0.0,10.0,LA-115,倫理学(a),1.0,elective,,基礎科目,教養科目,elective_candidate,exact_subarea_match:教養科目,e69aa2716a5d0db78c4241f183a36f63.pdf,pdftotext_line,85,department=環境創生学科; source_page=85
kankyo_sosei,kankyo,環境学部,環境創生学科,卒業,基礎科目,教養科目,卒業:基礎科目:教養科目,10.0,0.0,0.0,0.0,10.0,LA-116,倫理学(b),1.0,elective,,基礎科目,教養科目,elective_candidate,exact_subarea_match:教養科目,e69aa2716a5d0db78c4241f183a36f63.pdf,pdftotext_line,85,department=環境創生学科; source_page=85
kankyo_sosei,kankyo,環境学部,環境創生学科,卒業,基礎科目,教養科目,卒業:基礎科目:教養科目,10.0,0.0,0.0,0.0,10.0,LA-117,化人類学,2.0,elective,,基礎科目,教養科目,elective_candidate,exact_subarea_match:教養科目,e69aa2716a5d0db78c4241f183a36f63.pdf,pdftotext_line,85,department=環境創生学科; source_page=85
kankyo_sosei,kankyo,環境学部,環境創生学科,卒業,基礎科目,教養科目,卒業:基礎科目:教養科目,10.0,0.0,0.0,0.0,10.0,LA-118,視覚芸術史(1),2.0,elective,Ｇ,基礎科目,教養科目,elective_candidate,exact_subarea_match:教養科目,e69aa2716a5d0db78c4241f183a36f63.pdf,pdftotext_line,85,department=環境創生学科; source_page=85
kankyo_sosei,kankyo,環境学部,環境創生学科,卒業,基礎科目,教養科目,卒業:基礎科目:教養科目,10.0,0.0,0.0,0.0,10.0,LA-119,視覚芸術史(2),2.0,elective,Ｇ,基礎科目,教養科目,elective_candidate,exact_subarea_match:教養科目,e69aa2716a5d0db78c4241f183a36f63.pdf,pdftotext_line,85,department=環境創生学科; source_page=85
kankyo_sosei,kankyo,環境学部,環境創生学科,卒業,基礎科目,教養科目,卒業:基礎科目:教養科目,10.0,0.0,0.0,0.0,10.0,LA-211,デザイン概論(1),2.0,elective,Ｇ,基礎科目,教養科目,elective_candidate,exact_subarea_match:教養科目,e69aa2716a5d0db78c4241f183a36f63.pdf,pdftotext_line,85,department=環境創生学科; source_page=85
kankyo_sosei,kankyo,環境学部,環境創生学科,卒業,基礎科目,教養科目,卒業:基礎科目:教養科目,10.0,0.0,0.0,0.0,10.0,LA-212,デザイン概論(2),2.0,elective,Ｇ,基礎科目,教養科目,elective_candidate,exact_subarea_match:教養科目,e69aa2716a5d0db78c4241f183a36f63.pdf,pdftotext_line,85,department=環境創生学科; source_page=85
kankyo_sosei,kankyo,環境学部,環境創生学科,卒業,基礎科目,教養科目,卒業:基礎科目:教養科目,10.0,0.0,0.0,0.0,10.0,LA-213,日本文学,2.0,elective,Ｇ,基礎科目,教養科目,elective_candidate,exact_subarea_match:教養科目,e69aa2716a5d0db78c4241f183a36f63.pdf,pdftotext_line,85,department=環境創生学科; source_page=85
kankyo_sosei,kankyo,環境学部,環境創生学科,卒業,基礎科目,教養科目,卒業:基礎科目:教養科目,10.0,0.0,0.0,0.0,10.0,LA-11A,日本史(1),2.0,elective,Ｇ,基礎科目,教養科目,elective_candidate,exact_subarea_match:教養科目,e69aa2716a5d0db78c4241f183a36f63.pdf,pdftotext_line,85,department=環境創生学科; source_page=85
kankyo_sosei,kankyo,環境学部,環境創生学科,卒業,基礎科目,教養科目,卒業:基礎科目:教養科目,10.0,0.0,0.0,0.0,10.0,LA-11B,日本史(2),2.0,elective,Ｇ,基礎科目,教養科目,elective_candidate,exact_subarea_match:教養科目,e69aa2716a5d0db78c4241f183a36f63.pdf,pdftotext_line,85,department=環境創生学科; source_page=85
kankyo_sosei,kankyo,環境学部,環境創生学科,卒業,基礎科目,教養科目,卒業:基礎科目:教養科目,10.0,0.0,0.0,0.0,10.0,LA-11C,西洋史(1),2.0,elective,Ｇ,基礎科目,教養科目,elective_candidate,exact_subarea_match:教養科目,e69aa2716a5d0db78c4241f183a36f63.pdf,pdftotext_line,85,department=環境創生学科; source_page=85
kankyo_sosei,kankyo,環境学部,環境創生学科,卒業,基礎科目,教養科目,卒業:基礎科目:教養科目,10.0,0.0,0.0,0.0,10.0,LA-11D,西洋史(2),2.0,elective,Ｇ,基礎科目,教養科目,elective_candidate,exact_subarea_match:教養科目,e69aa2716a5d0db78c4241f183a36f63.pdf,pdftotext_line,85,department=環境創生学科; source_page=85
kankyo_sosei,kankyo,環境学部,環境創生学科,卒業,基礎科目,教養科目,卒業:基礎科目:教養科目,10.0,0.0,0.0,0.0,10.0,LA-11E,民俗学(a),1.0,elective,Ｇ,基礎科目,教養科目,elective_candidate,exact_subarea_match:教養科目,e69aa2716a5d0db78c4241f183a36f63.pdf,pdftotext_line,85,department=環境創生学科; source_page=85
kankyo_sosei,kankyo,環境学部,環境創生学科,卒業,基礎科目,教養科目,卒業:基礎科目:教養科目,10.0,0.0,0.0,0.0,10.0,LA-11F,民俗学(b),1.0,elective,Ｇ,基礎科目,教養科目,elective_candidate,exact_subarea_match:教養科目,e69aa2716a5d0db78c4241f183a36f63.pdf,pdftotext_line,85,department=環境創生学科; source_page=85
kankyo_sosei,kankyo,環境学部,環境創生学科,卒業,基礎科目,教養科目,卒業:基礎科目:教養科目,10.0,0.0,0.0,0.0,10.0,LA-11G,宗教学,2.0,elective,Ｇ,基礎科目,教養科目,elective_candidate,exact_subarea_match:教養科目,e69aa2716a5d0db78c4241f183a36f63.pdf,pdftotext_line,85,department=環境創生学科; source_page=85
kankyo_sosei,kankyo,環境学部,環境創生学科,卒業,基礎科目,教養科目,卒業:基礎科目:教養科目,10.0,0.0,0.0,0.0,10.0,LA-121,(1a),1.0,elective,,基礎科目,教養科目,elective_candidate,exact_subarea_match:教養科目,e69aa2716a5d0db78c4241f183a36f63.pdf,pdftotext_line,85,department=環境創生学科; source_page=85
kankyo_sosei,kankyo,環境学部,環境創生学科,卒業,基礎科目,教養科目,卒業:基礎科目:教養科目,10.0,0.0,0.0,0.0,10.0,LA-122,(1b),1.0,elective,,基礎科目,教養科目,elective_candidate,exact_subarea_match:教養科目,e69aa2716a5d0db78c4241f183a36f63.pdf,pdftotext_line,85,department=環境創生学科; source_page=85
kankyo_sosei,kankyo,環境学部,環境創生学科,卒業,基礎科目,教養科目,卒業:基礎科目:教養科目,10.0,0.0,0.0,0.0,10.0,LA-123,(2a),1.0,elective,,基礎科目,教養科目,elective_candidate,exact_subarea_match:教養科目,e69aa2716a5d0db78c4241f183a36f63.pdf,pdftotext_line,85,department=環境創生学科; source_page=85
kankyo_sosei,kankyo,環境学部,環境創生学科,卒業,基礎科目,教養科目,卒業:基礎科目:教養科目,10.0,0.0,0.0,0.0,10.0,LA-124,(2b),1.0,elective,,基礎科目,教養科目,elective_candidate,exact_subarea_match:教養科目,e69aa2716a5d0db78c4241f183a36f63.pdf,pdftotext_line,85,department=環境創生学科; source_page=85
kankyo_sosei,kankyo,環境学部,環境創生学科,卒業,基礎科目,教養科目,卒業:基礎科目:教養科目,10.0,0.0,0.0,0.0,10.0,LA-125,入門(a),1.0,elective,,基礎科目,教養科目,elective_candidate,exact_subarea_match:教養科目,e69aa2716a5d0db78c4241f183a36f63.pdf,pdftotext_line,85,department=環境創生学科; source_page=85
kankyo_sosei,kankyo,環境学部,環境創生学科,卒業,基礎科目,教養科目,卒業:基礎科目:教養科目,10.0,0.0,0.0,0.0,10.0,LA-126,入門(b),1.0,elective,,基礎科目,教養科目,elective_candidate,exact_subarea_match:教養科目,e69aa2716a5d0db78c4241f183a36f63.pdf,pdftotext_line,85,department=環境創生学科; source_page=85
kankyo_sosei,kankyo,環境学部,環境創生学科,卒業,基礎科目,教養科目,卒業:基礎科目:教養科目,10.0,0.0,0.0,0.0,10.0,LA-127,経済学(1a),1.0,elective,,基礎科目,教養科目,elective_candidate,exact_subarea_match:教養科目,e69aa2716a5d0db78c4241f183a36f63.pdf,pdftotext_line,85,department=環境創生学科; source_page=85
kankyo_sosei,kankyo,環境学部,環境創生学科,卒業,基礎科目,教養科目,卒業:基礎科目:教養科目,10.0,0.0,0.0,0.0,10.0,LA-128,経済学(1b),1.0,elective,,基礎科目,教養科目,elective_candidate,exact_subarea_match:教養科目,e69aa2716a5d0db78c4241f183a36f63.pdf,pdftotext_line,85,department=環境創生学科; source_page=85
kankyo_sosei,kankyo,環境学部,環境創生学科,卒業,基礎科目,教養科目,卒業:基礎科目:教養科目,10.0,0.0,0.0,0.0,10.0,LA-129,経済学(2a),1.0,elective,,基礎科目,教養科目,elective_candidate,exact_subarea_match:教養科目,e69aa2716a5d0db78c4241f183a36f63.pdf,pdftotext_line,85,department=環境創生学科; source_page=85
kankyo_sosei,kankyo,環境学部,環境創生学科,卒業,基礎科目,教養科目,卒業:基礎科目:教養科目,10.0,0.0,0.0,0.0,10.0,LA-12A,経済学(2b),1.0,elective,,基礎科目,教養科目,elective_candidate,exact_subarea_match:教養科目,e69aa2716a5d0db78c4241f183a36f63.pdf,pdftotext_line,85,department=環境創生学科; source_page=85
kankyo_sosei,kankyo,環境学部,環境創生学科,卒業,基礎科目,教養科目,卒業:基礎科目:教養科目,10.0,0.0,0.0,0.0,10.0,LA-321,日本経済論(a),1.0,elective,Ｇ,基礎科目,教養科目,elective_candidate,exact_subarea_match:教養科目,e69aa2716a5d0db78c4241f183a36f63.pdf,pdftotext_line,85,department=環境創生学科; source_page=85
kankyo_sosei,kankyo,環境学部,環境創生学科,卒業,基礎科目,教養科目,卒業:基礎科目:教養科目,10.0,0.0,0.0,0.0,10.0,LA-322,日本経済論(b),1.0,elective,Ｇ,基礎科目,教養科目,elective_candidate,exact_subarea_match:教養科目,e69aa2716a5d0db78c4241f183a36f63.pdf,pdftotext_line,85,department=環境創生学科; source_page=85
kankyo_sosei,kankyo,環境学部,環境創生学科,卒業,基礎科目,教養科目,卒業:基礎科目:教養科目,10.0,0.0,0.0,0.0,10.0,LA-12M,西洋経済史,2.0,elective,Ｇ,基礎科目,教養科目,elective_candidate,exact_subarea_match:教養科目,e69aa2716a5d0db78c4241f183a36f63.pdf,pdftotext_line,85,department=環境創生学科; source_page=85
kankyo_sosei,kankyo,環境学部,環境創生学科,卒業,基礎科目,教養科目,卒業:基礎科目:教養科目,10.0,0.0,0.0,0.0,10.0,LA-12B,政治学(1a),1.0,elective,,基礎科目,教養科目,elective_candidate,exact_subarea_match:教養科目,e69aa2716a5d0db78c4241f183a36f63.pdf,pdftotext_line,85,department=環境創生学科; source_page=85
kankyo_sosei,kankyo,環境学部,環境創生学科,卒業,基礎科目,教養科目,卒業:基礎科目:教養科目,10.0,0.0,0.0,0.0,10.0,LA-12C,政治学(1b),1.0,elective,,基礎科目,教養科目,elective_candidate,exact_subarea_match:教養科目,e69aa2716a5d0db78c4241f183a36f63.pdf,pdftotext_line,85,department=環境創生学科; source_page=85
kankyo_sosei,kankyo,環境学部,環境創生学科,卒業,基礎科目,教養科目,卒業:基礎科目:教養科目,10.0,0.0,0.0,0.0,10.0,LA-12D,政治学(2a),1.0,elective,,基礎科目,教養科目,elective_candidate,exact_subarea_match:教養科目,e69aa2716a5d0db78c4241f183a36f63.pdf,pdftotext_line,85,department=環境創生学科; source_page=85
kankyo_sosei,kankyo,環境学部,環境創生学科,卒業,基礎科目,教養科目,卒業:基礎科目:教養科目,10.0,0.0,0.0,0.0,10.0,LA-12E,政治学(2b),1.0,elective,,基礎科目,教養科目,elective_candidate,exact_subarea_match:教養科目,e69aa2716a5d0db78c4241f183a36f63.pdf,pdftotext_line,85,department=環境創生学科; source_page=85
kankyo_sosei,kankyo,環境学部,環境創生学科,卒業,基礎科目,教養科目,卒業:基礎科目:教養科目,10.0,0.0,0.0,0.0,10.0,LA-221,日本の政治(a),1.0,elective,Ｇ,基礎科目,教養科目,elective_candidate,exact_subarea_match:教養科目,e69aa2716a5d0db78c4241f183a36f63.pdf,pdftotext_line,85,department=環境創生学科; source_page=85
kankyo_sosei,kankyo,環境学部,環境創生学科,卒業,基礎科目,教養科目,卒業:基礎科目:教養科目,10.0,0.0,0.0,0.0,10.0,LA-222,日本の政治(b),1.0,elective,Ｇ,基礎科目,教養科目,elective_candidate,exact_subarea_match:教養科目,e69aa2716a5d0db78c4241f183a36f63.pdf,pdftotext_line,85,department=環境創生学科; source_page=85
kankyo_sosei,kankyo,環境学部,環境創生学科,卒業,基礎科目,教養科目,卒業:基礎科目:教養科目,10.0,0.0,0.0,0.0,10.0,LA-12F,国際関係論(1a),1.0,elective,Ｇ,基礎科目,教養科目,elective_candidate,exact_subarea_match:教養科目,e69aa2716a5d0db78c4241f183a36f63.pdf,pdftotext_line,85,department=環境創生学科; source_page=85
kankyo_sosei,kankyo,環境学部,環境創生学科,卒業,基礎科目,教養科目,卒業:基礎科目:教養科目,10.0,0.0,0.0,0.0,10.0,LA-12G,国際関係論(1b),1.0,elective,Ｇ,基礎科目,教養科目,elective_candidate,exact_subarea_match:教養科目,e69aa2716a5d0db78c4241f183a36f63.pdf,pdftotext_line,85,department=環境創生学科; source_page=85
kankyo_sosei,kankyo,環境学部,環境創生学科,卒業,基礎科目,教養科目,卒業:基礎科目:教養科目,10.0,0.0,0.0,0.0,10.0,LA-12H,国際関係論(2a),1.0,elective,Ｇ,基礎科目,教養科目,elective_candidate,exact_subarea_match:教養科目,e69aa2716a5d0db78c4241f183a36f63.pdf,pdftotext_line,86,department=環境創生学科; source_page=86
kankyo_sosei,kankyo,環境学部,環境創生学科,卒業,基礎科目,教養科目,卒業:基礎科目:教養科目,10.0,0.0,0.0,0.0,10.0,LA-12I,国際関係論(2b),1.0,elective,Ｇ,基礎科目,教養科目,elective_candidate,exact_subarea_match:教養科目,e69aa2716a5d0db78c4241f183a36f63.pdf,pdftotext_line,86,department=環境創生学科; source_page=86
kankyo_sosei,kankyo,環境学部,環境創生学科,卒業,基礎科目,教養科目,卒業:基礎科目:教養科目,10.0,0.0,0.0,0.0,10.0,LA-12J,日本国憲法,2.0,elective,,基礎科目,教養科目,elective_candidate,exact_subarea_match:教養科目,e69aa2716a5d0db78c4241f183a36f63.pdf,pdftotext_line,86,department=環境創生学科; source_page=86
kankyo_sosei,kankyo,環境学部,環境創生学科,卒業,基礎科目,教養科目,卒業:基礎科目:教養科目,10.0,0.0,0.0,0.0,10.0,LA-12K,法学,2.0,elective,,基礎科目,教養科目,elective_candidate,exact_subarea_match:教養科目,e69aa2716a5d0db78c4241f183a36f63.pdf,pdftotext_line,86,department=環境創生学科; source_page=86
kankyo_sosei,kankyo,環境学部,環境創生学科,卒業,基礎科目,教養科目,卒業:基礎科目:教養科目,10.0,0.0,0.0,0.0,10.0,LA-12L,民法,2.0,elective,,基礎科目,教養科目,elective_candidate,exact_subarea_match:教養科目,e69aa2716a5d0db78c4241f183a36f63.pdf,pdftotext_line,86,department=環境創生学科; source_page=86
kankyo_sosei,kankyo,環境学部,環境創生学科,卒業,基礎科目,教養科目,卒業:基礎科目:教養科目,10.0,0.0,0.0,0.0,10.0,LA-12N,地理学(a),1.0,elective,,基礎科目,教養科目,elective_candidate,exact_subarea_match:教養科目,e69aa2716a5d0db78c4241f183a36f63.pdf,pdftotext_line,86,department=環境創生学科; source_page=86
kankyo_sosei,kankyo,環境学部,環境創生学科,卒業,基礎科目,教養科目,卒業:基礎科目:教養科目,10.0,0.0,0.0,0.0,10.0,LA-12O,地理学(b),1.0,elective,,基礎科目,教養科目,elective_candidate,exact_subarea_match:教養科目,e69aa2716a5d0db78c4241f183a36f63.pdf,pdftotext_line,86,department=環境創生学科; source_page=86
kankyo_sosei,kankyo,環境学部,環境創生学科,卒業,基礎科目,教養科目,卒業:基礎科目:教養科目,10.0,0.0,0.0,0.0,10.0,LA-12P,現代中国論,2.0,elective,Ｇ,基礎科目,教養科目,elective_candidate,exact_subarea_match:教養科目,e69aa2716a5d0db78c4241f183a36f63.pdf,pdftotext_line,86,department=環境創生学科; source_page=86
kankyo_sosei,kankyo,環境学部,環境創生学科,卒業,基礎科目,教養科目,卒業:基礎科目:教養科目,10.0,0.0,0.0,0.0,10.0,LA-131,育学(1a),1.0,elective,,基礎科目,教養科目,elective_candidate,exact_subarea_match:教養科目,e69aa2716a5d0db78c4241f183a36f63.pdf,pdftotext_line,86,department=環境創生学科; source_page=86
kankyo_sosei,kankyo,環境学部,環境創生学科,卒業,基礎科目,教養科目,卒業:基礎科目:教養科目,10.0,0.0,0.0,0.0,10.0,LA-132,育学(1b),1.0,elective,,基礎科目,教養科目,elective_candidate,exact_subarea_match:教養科目,e69aa2716a5d0db78c4241f183a36f63.pdf,pdftotext_line,86,department=環境創生学科; source_page=86
kankyo_sosei,kankyo,環境学部,環境創生学科,卒業,基礎科目,教養科目,卒業:基礎科目:教養科目,10.0,0.0,0.0,0.0,10.0,LA-133,育学(2a),1.0,elective,,基礎科目,教養科目,elective_candidate,exact_subarea_match:教養科目,e69aa2716a5d0db78c4241f183a36f63.pdf,pdftotext_line,86,department=環境創生学科; source_page=86
kankyo_sosei,kankyo,環境学部,環境創生学科,卒業,基礎科目,教養科目,卒業:基礎科目:教養科目,10.0,0.0,0.0,0.0,10.0,LA-134,育学(2b),1.0,elective,,基礎科目,教養科目,elective_candidate,exact_subarea_match:教養科目,e69aa2716a5d0db78c4241f183a36f63.pdf,pdftotext_line,86,department=環境創生学科; source_page=86
kankyo_sosei,kankyo,環境学部,環境創生学科,卒業,基礎科目,教養科目,卒業:基礎科目:教養科目,10.0,0.0,0.0,0.0,10.0,LA-136,心理学(1a),1.0,elective,,基礎科目,教養科目,elective_candidate,exact_subarea_match:教養科目,e69aa2716a5d0db78c4241f183a36f63.pdf,pdftotext_line,86,department=環境創生学科; source_page=86
kankyo_sosei,kankyo,環境学部,環境創生学科,卒業,基礎科目,教養科目,卒業:基礎科目:教養科目,10.0,0.0,0.0,0.0,10.0,LA-137,心理学(1b),1.0,elective,,基礎科目,教養科目,elective_candidate,exact_subarea_match:教養科目,e69aa2716a5d0db78c4241f183a36f63.pdf,pdftotext_line,86,department=環境創生学科; source_page=86
kankyo_sosei,kankyo,環境学部,環境創生学科,卒業,基礎科目,教養科目,卒業:基礎科目:教養科目,10.0,0.0,0.0,0.0,10.0,LA-138,心理学(2a),1.0,elective,,基礎科目,教養科目,elective_candidate,exact_subarea_match:教養科目,e69aa2716a5d0db78c4241f183a36f63.pdf,pdftotext_line,86,department=環境創生学科; source_page=86
kankyo_sosei,kankyo,環境学部,環境創生学科,卒業,基礎科目,教養科目,卒業:基礎科目:教養科目,10.0,0.0,0.0,0.0,10.0,LA-139,間 心理学(2b),1.0,elective,,基礎科目,教養科目,elective_candidate,exact_subarea_match:教養科目,e69aa2716a5d0db78c4241f183a36f63.pdf,pdftotext_line,86,department=環境創生学科; source_page=86
kankyo_sosei,kankyo,環境学部,環境創生学科,卒業,基礎科目,教養科目,卒業:基礎科目:教養科目,10.0,0.0,0.0,0.0,10.0,LA-13C,心理学入門,2.0,elective,,基礎科目,教養科目,elective_candidate,exact_subarea_match:教養科目,e69aa2716a5d0db78c4241f183a36f63.pdf,pdftotext_line,86,department=環境創生学科; source_page=86
kankyo_sosei,kankyo,環境学部,環境創生学科,卒業,基礎科目,教養科目,卒業:基礎科目:教養科目,10.0,0.0,0.0,0.0,10.0,LA-13D,とジェンダー(a),1.0,elective,,基礎科目,教養科目,elective_candidate,exact_subarea_match:教養科目,e69aa2716a5d0db78c4241f183a36f63.pdf,pdftotext_line,86,department=環境創生学科; source_page=86
kankyo_sosei,kankyo,環境学部,環境創生学科,卒業,基礎科目,教養科目,卒業:基礎科目:教養科目,10.0,0.0,0.0,0.0,10.0,LA-13E,とジェンダー(b),1.0,elective,,基礎科目,教養科目,elective_candidate,exact_subarea_match:教養科目,e69aa2716a5d0db78c4241f183a36f63.pdf,pdftotext_line,86,department=環境創生学科; source_page=86
kankyo_sosei,kankyo,環境学部,環境創生学科,卒業,基礎科目,教養科目,卒業:基礎科目:教養科目,10.0,0.0,0.0,0.0,10.0,LA-331,国際化と異文化理解(a),1.0,elective,Ｇ,基礎科目,教養科目,elective_candidate,exact_subarea_match:教養科目,e69aa2716a5d0db78c4241f183a36f63.pdf,pdftotext_line,86,department=環境創生学科; source_page=86
kankyo_sosei,kankyo,環境学部,環境創生学科,卒業,基礎科目,教養科目,卒業:基礎科目:教養科目,10.0,0.0,0.0,0.0,10.0,LA-332,国際化と異文化理解(b),1.0,elective,Ｇ,基礎科目,教養科目,elective_candidate,exact_subarea_match:教養科目,e69aa2716a5d0db78c4241f183a36f63.pdf,pdftotext_line,86,department=環境創生学科; source_page=86
kankyo_sosei,kankyo,環境学部,環境創生学科,卒業,基礎科目,教養科目,卒業:基礎科目:教養科目,10.0,0.0,0.0,0.0,10.0,LA-13F,日本文化の伝承(a),1.0,elective,Ｇ,基礎科目,教養科目,elective_candidate,exact_subarea_match:教養科目,e69aa2716a5d0db78c4241f183a36f63.pdf,pdftotext_line,86,department=環境創生学科; source_page=86
kankyo_sosei,kankyo,環境学部,環境創生学科,卒業,基礎科目,教養科目,卒業:基礎科目:教養科目,10.0,0.0,0.0,0.0,10.0,LA-13G,日本文化の伝承(b),1.0,elective,Ｇ,基礎科目,教養科目,elective_candidate,exact_subarea_match:教養科目,e69aa2716a5d0db78c4241f183a36f63.pdf,pdftotext_line,86,department=環境創生学科; source_page=86
kankyo_sosei,kankyo,環境学部,環境創生学科,卒業,基礎科目,教養科目,卒業:基礎科目:教養科目,10.0,0.0,0.0,0.0,10.0,LA-13H,日本文化論,2.0,elective,Ｇ,基礎科目,教養科目,elective_candidate,exact_subarea_match:教養科目,e69aa2716a5d0db78c4241f183a36f63.pdf,pdftotext_line,86,department=環境創生学科; source_page=86
kankyo_sosei,kankyo,環境学部,環境創生学科,卒業,基礎科目,教養科目,卒業:基礎科目:教養科目,10.0,0.0,0.0,0.0,10.0,LA-135,スポーツ・健康論,2.0,elective,,基礎科目,教養科目,elective_candidate,exact_subarea_match:教養科目,e69aa2716a5d0db78c4241f183a36f63.pdf,pdftotext_line,86,department=環境創生学科; source_page=86
kankyo_sosei,kankyo,環境学部,環境創生学科,卒業,基礎科目,教養科目,卒業:基礎科目:教養科目,10.0,0.0,0.0,0.0,10.0,LA-145,データサイエンスリテラシー(1),1.0,elective,※DS,基礎科目,教養科目,elective_candidate,exact_subarea_match:教養科目,e69aa2716a5d0db78c4241f183a36f63.pdf,pdftotext_line,86,department=環境創生学科; source_page=86
kankyo_sosei,kankyo,環境学部,環境創生学科,卒業,基礎科目,教養科目,卒業:基礎科目:教養科目,10.0,0.0,0.0,0.0,10.0,LA-241,データサイエンスリテラシー(2),1.0,elective,※DS,基礎科目,教養科目,elective_candidate,exact_subarea_match:教養科目,e69aa2716a5d0db78c4241f183a36f63.pdf,pdftotext_line,86,department=環境創生学科; source_page=86
kankyo_sosei,kankyo,環境学部,環境創生学科,卒業,基礎科目,教養科目,卒業:基礎科目:教養科目,10.0,0.0,0.0,0.0,10.0,LA-141,論理学(1a),1.0,elective,,基礎科目,教養科目,elective_candidate,exact_subarea_match:教養科目,e69aa2716a5d0db78c4241f183a36f63.pdf,pdftotext_line,86,department=環境創生学科; source_page=86
kankyo_sosei,kankyo,環境学部,環境創生学科,卒業,基礎科目,教養科目,卒業:基礎科目:教養科目,10.0,0.0,0.0,0.0,10.0,LA-142,論理学(1b),1.0,elective,,基礎科目,教養科目,elective_candidate,exact_subarea_match:教養科目,e69aa2716a5d0db78c4241f183a36f63.pdf,pdftotext_line,86,department=環境創生学科; source_page=86
kankyo_sosei,kankyo,環境学部,環境創生学科,卒業,基礎科目,教養科目,卒業:基礎科目:教養科目,10.0,0.0,0.0,0.0,10.0,LA-143,論理学(2a),1.0,elective,,基礎科目,教養科目,elective_candidate,exact_subarea_match:教養科目,e69aa2716a5d0db78c4241f183a36f63.pdf,pdftotext_line,86,department=環境創生学科; source_page=86
kankyo_sosei,kankyo,環境学部,環境創生学科,卒業,基礎科目,教養科目,卒業:基礎科目:教養科目,10.0,0.0,0.0,0.0,10.0,LA-144,論理学(2b),1.0,elective,,基礎科目,教養科目,elective_candidate,exact_subarea_match:教養科目,e69aa2716a5d0db78c4241f183a36f63.pdf,pdftotext_line,86,department=環境創生学科; source_page=86
kankyo_sosei,kankyo,環境学部,環境創生学科,卒業,基礎科目,教養科目,卒業:基礎科目:教養科目,10.0,0.0,0.0,0.0,10.0,LA-148,現代の化学,2.0,elective,,基礎科目,教養科目,elective_candidate,exact_subarea_match:教養科目,e69aa2716a5d0db78c4241f183a36f63.pdf,pdftotext_line,86,department=環境創生学科; source_page=86
kankyo_sosei,kankyo,環境学部,環境創生学科,卒業,基礎科目,教養科目,卒業:基礎科目:教養科目,10.0,0.0,0.0,0.0,10.0,LA-149,現代の地学,2.0,elective,,基礎科目,教養科目,elective_candidate,exact_subarea_match:教養科目,e69aa2716a5d0db78c4241f183a36f63.pdf,pdftotext_line,86,department=環境創生学科; source_page=86
kankyo_sosei,kankyo,環境学部,環境創生学科,卒業,基礎科目,教養科目,卒業:基礎科目:教養科目,10.0,0.0,0.0,0.0,10.0,LA-14D,情報社会入門,2.0,elective,,基礎科目,教養科目,elective_candidate,exact_subarea_match:教養科目,e69aa2716a5d0db78c4241f183a36f63.pdf,pdftotext_line,86,department=環境創生学科; source_page=86
kankyo_sosei,kankyo,環境学部,環境創生学科,卒業,基礎科目,教養科目,卒業:基礎科目:教養科目,10.0,0.0,0.0,0.0,10.0,LA-14E,情報演習基礎(a),1.0,elective,,基礎科目,教養科目,elective_candidate,exact_subarea_match:教養科目,e69aa2716a5d0db78c4241f183a36f63.pdf,pdftotext_line,86,department=環境創生学科; source_page=86
kankyo_sosei,kankyo,環境学部,環境創生学科,卒業,基礎科目,教養科目,卒業:基礎科目:教養科目,10.0,0.0,0.0,0.0,10.0,LA-14F,情報演習基礎(b),1.0,elective,,基礎科目,教養科目,elective_candidate,exact_subarea_match:教養科目,e69aa2716a5d0db78c4241f183a36f63.pdf,pdftotext_line,86,department=環境創生学科; source_page=86
kankyo_sosei,kankyo,環境学部,環境創生学科,卒業,基礎科目,教養科目,卒業:基礎科目:教養科目,10.0,0.0,0.0,0.0,10.0,LA-14A,情報通信入門,2.0,elective,,基礎科目,教養科目,elective_candidate,exact_subarea_match:教養科目,e69aa2716a5d0db78c4241f183a36f63.pdf,pdftotext_line,86,department=環境創生学科; source_page=86
kankyo_sosei,kankyo,環境学部,環境創生学科,卒業,基礎科目,教養科目,卒業:基礎科目:教養科目,10.0,0.0,0.0,0.0,10.0,LA-14G,情報処理入門,2.0,elective,,基礎科目,教養科目,elective_candidate,exact_subarea_match:教養科目,e69aa2716a5d0db78c4241f183a36f63.pdf,pdftotext_line,86,department=環境創生学科; source_page=86
kankyo_sosei,kankyo,環境学部,環境創生学科,卒業,基礎科目,教養科目,卒業:基礎科目:教養科目,10.0,0.0,0.0,0.0,10.0,LA-244,情報処理基礎,2.0,elective,,基礎科目,教養科目,elective_candidate,exact_subarea_match:教養科目,e69aa2716a5d0db78c4241f183a36f63.pdf,pdftotext_line,86,department=環境創生学科; source_page=86
kankyo_sosei,kankyo,環境学部,環境創生学科,卒業,基礎科目,教養科目,卒業:基礎科目:教養科目,10.0,0.0,0.0,0.0,10.0,LA-341,情報処理応用,2.0,elective,,基礎科目,教養科目,elective_candidate,exact_subarea_match:教養科目,e69aa2716a5d0db78c4241f183a36f63.pdf,pdftotext_line,86,department=環境創生学科; source_page=86
kankyo_sosei,kankyo,環境学部,環境創生学科,卒業,基礎科目,教養科目,卒業:基礎科目:教養科目,10.0,0.0,0.0,0.0,10.0,LA-242,技術と社会,2.0,elective,Ｇ,基礎科目,教養科目,elective_candidate,exact_subarea_match:教養科目,e69aa2716a5d0db78c4241f183a36f63.pdf,pdftotext_line,86,department=環境創生学科; source_page=86
kankyo_sosei,kankyo,環境学部,環境創生学科,卒業,基礎科目,教養科目,卒業:基礎科目:教養科目,10.0,0.0,0.0,0.0,10.0,LA-243,生活とメディア,2.0,elective,,基礎科目,教養科目,elective_candidate,exact_subarea_match:教養科目,e69aa2716a5d0db78c4241f183a36f63.pdf,pdftotext_line,86,department=環境創生学科; source_page=86
kankyo_sosei,kankyo,環境学部,環境創生学科,卒業,基礎科目,教養科目,卒業:基礎科目:教養科目,10.0,0.0,0.0,0.0,10.0,LA-951,ボランティア(1),1.0,elective,,基礎科目,教養科目,elective_candidate,exact_subarea_match:教養科目,e69aa2716a5d0db78c4241f183a36f63.pdf,pdftotext_line,86,department=環境創生学科; source_page=86
kankyo_sosei,kankyo,環境学部,環境創生学科,卒業,基礎科目,教養科目,卒業:基礎科目:教養科目,10.0,0.0,0.0,0.0,10.0,LA-952,ボランティア(2),1.0,elective,,基礎科目,教養科目,elective_candidate,exact_subarea_match:教養科目,e69aa2716a5d0db78c4241f183a36f63.pdf,pdftotext_line,86,department=環境創生学科; source_page=86
kankyo_sosei,kankyo,環境学部,環境創生学科,卒業,基礎科目,教養科目,卒業:基礎科目:教養科目,10.0,0.0,0.0,0.0,10.0,LA-953,ゼミナール(1),2.0,elective,,基礎科目,教養科目,elective_candidate,exact_subarea_match:教養科目,e69aa2716a5d0db78c4241f183a36f63.pdf,pdftotext_line,86,department=環境創生学科; source_page=86
kankyo_sosei,kankyo,環境学部,環境創生学科,卒業,基礎科目,教養科目,卒業:基礎科目:教養科目,10.0,0.0,0.0,0.0,10.0,LA-954,ゼミナール(2),2.0,elective,,基礎科目,教養科目,elective_candidate,exact_subarea_match:教養科目,e69aa2716a5d0db78c4241f183a36f63.pdf,pdftotext_line,86,department=環境創生学科; source_page=86
kankyo_sosei,kankyo,環境学部,環境創生学科,卒業,基礎科目,教養科目,卒業:基礎科目:教養科目,10.0,0.0,0.0,0.0,10.0,LA-955,特別講義(1),2.0,elective,,基礎科目,教養科目,elective_candidate,exact_subarea_match:教養科目,e69aa2716a5d0db78c4241f183a36f63.pdf,pdftotext_line,86,department=環境創生学科; source_page=86
kankyo_sosei,kankyo,環境学部,環境創生学科,卒業,基礎科目,教養科目,卒業:基礎科目:教養科目,10.0,0.0,0.0,0.0,10.0,LA-956,特別講義(2),2.0,elective,,基礎科目,教養科目,elective_candidate,exact_subarea_match:教養科目,e69aa2716a5d0db78c4241f183a36f63.pdf,pdftotext_line,86,department=環境創生学科; source_page=86
kankyo_sosei,kankyo,環境学部,環境創生学科,卒業,基礎科目,教養科目,卒業:基礎科目:教養科目,10.0,0.0,0.0,0.0,10.0,LA-957,特別講義(3),2.0,elective,,基礎科目,教養科目,elective_candidate,exact_subarea_match:教養科目,e69aa2716a5d0db78c4241f183a36f63.pdf,pdftotext_line,86,department=環境創生学科; source_page=86
kankyo_sosei,kankyo,環境学部,環境創生学科,卒業,基礎科目,教養科目,卒業:基礎科目:教養科目,10.0,0.0,0.0,0.0,10.0,LA-958,他 未来を拓くイノベーション,2.0,elective,,基礎科目,教養科目,elective_candidate,exact_subarea_match:教養科目,e69aa2716a5d0db78c4241f183a36f63.pdf,pdftotext_line,86,department=環境創生学科; source_page=86
kankyo_sosei,kankyo,環境学部,環境創生学科,卒業,基礎科目,教養科目,卒業:基礎科目:教養科目,10.0,0.0,0.0,0.0,10.0,LA-13H,キャリアデザイン基礎,2.0,elective,,基礎科目,教養科目,elective_candidate,exact_subarea_match:教養科目,e69aa2716a5d0db78c4241f183a36f63.pdf,pdftotext_line,86,department=環境創生学科; source_page=86
kankyo_sosei,kankyo,環境学部,環境創生学科,卒業,基礎科目,教養科目,卒業:基礎科目:教養科目,10.0,0.0,0.0,0.0,10.0,LA-933,海外フィールド演習,2.0,elective,Ｇ,基礎科目,教養科目,elective_candidate,exact_subarea_match:教養科目,e69aa2716a5d0db78c4241f183a36f63.pdf,pdftotext_line,86,department=環境創生学科; source_page=86
kankyo_sosei,kankyo,環境学部,環境創生学科,卒業,基礎科目,教養科目,卒業:基礎科目:教養科目,10.0,0.0,0.0,0.0,10.0,LA-936,特別講義(1),2.0,elective,,基礎科目,教養科目,elective_candidate,exact_subarea_match:教養科目,e69aa2716a5d0db78c4241f183a36f63.pdf,pdftotext_line,86,department=環境創生学科; source_page=86
kankyo_sosei,kankyo,環境学部,環境創生学科,卒業,基礎科目,教養科目,卒業:基礎科目:教養科目,10.0,0.0,0.0,0.0,10.0,LA-937,特別講義(2),2.0,elective,,基礎科目,教養科目,elective_candidate,exact_subarea_match:教養科目,e69aa2716a5d0db78c4241f183a36f63.pdf,pdftotext_line,86,department=環境創生学科; source_page=86
kankyo_sosei,kankyo,環境学部,環境創生学科,卒業,基礎科目,教養科目,卒業:基礎科目:教養科目,10.0,0.0,0.0,0.0,10.0,LA-931,インターンシップ(1),1.0,elective,,基礎科目,教養科目,elective_candidate,exact_subarea_match:教養科目,e69aa2716a5d0db78c4241f183a36f63.pdf,pdftotext_line,86,department=環境創生学科; source_page=86
kankyo_sosei,kankyo,環境学部,環境創生学科,卒業,基礎科目,教養科目,卒業:基礎科目:教養科目,10.0,0.0,0.0,0.0,10.0,LA-932,インターンシップ(2),1.0,elective,,基礎科目,教養科目,elective_candidate,exact_subarea_match:教養科目,e69aa2716a5d0db78c4241f183a36f63.pdf,pdftotext_line,86,department=環境創生学科; source_page=86
kankyo_sosei,kankyo,環境学部,環境創生学科,卒業,学科基盤科目,専門基礎科目,卒業:学科基盤科目:専門基礎科目,34.0,0.0,0.0,0.0,34.0,RE-131,環境マネジメントシステム,2.0,elective,,学科基盤科目,専門基礎科目,elective_candidate,exact_subarea_match:専門基礎科目,e69aa2716a5d0db78c4241f183a36f63.pdf,pdftotext_line,95,department=環境創生学科; source_page=95
kankyo_sosei,kankyo,環境学部,環境創生学科,卒業,学科基盤科目,専門基礎科目,卒業:学科基盤科目:専門基礎科目,34.0,0.0,0.0,0.0,34.0,RE-132,温暖化の科学,2.0,elective,,学科基盤科目,専門基礎科目,elective_candidate,exact_subarea_match:専門基礎科目,e69aa2716a5d0db78c4241f183a36f63.pdf,pdftotext_line,95,department=環境創生学科; source_page=95
kankyo_sosei,kankyo,環境学部,環境創生学科,卒業,学科基盤科目,専門基礎科目,卒業:学科基盤科目:専門基礎科目,34.0,0.0,0.0,0.0,34.0,RE-133,統計学基礎,2.0,required,○ ※MS,学科基盤科目,専門基礎科目,required_course,exact_subarea_match:専門基礎科目,e69aa2716a5d0db78c4241f183a36f63.pdf,pdftotext_line,95,department=環境創生学科; source_page=95
kankyo_sosei,kankyo,環境学部,環境創生学科,卒業,学科基盤科目,専門基礎科目,卒業:学科基盤科目:専門基礎科目,34.0,0.0,0.0,0.0,34.0,RE-134,数学入門,2.0,elective,※MS,学科基盤科目,専門基礎科目,elective_candidate,exact_subarea_match:専門基礎科目,e69aa2716a5d0db78c4241f183a36f63.pdf,pdftotext_line,95,department=環境創生学科; source_page=95
kankyo_sosei,kankyo,環境学部,環境創生学科,卒業,学科基盤科目,専門基礎科目,卒業:学科基盤科目:専門基礎科目,34.0,0.0,0.0,0.0,34.0,RE-135,環境基礎,2.0,elective,,学科基盤科目,専門基礎科目,elective_candidate,exact_subarea_match:専門基礎科目,e69aa2716a5d0db78c4241f183a36f63.pdf,pdftotext_line,95,department=環境創生学科; source_page=95
kankyo_sosei,kankyo,環境学部,環境創生学科,卒業,学科基盤科目,専門基礎科目,卒業:学科基盤科目:専門基礎科目,34.0,0.0,0.0,0.0,34.0,RE-121,生物学,2.0,elective,,学科基盤科目,専門基礎科目,elective_candidate,exact_subarea_match:専門基礎科目,e69aa2716a5d0db78c4241f183a36f63.pdf,pdftotext_line,95,department=環境創生学科; source_page=95
kankyo_sosei,kankyo,環境学部,環境創生学科,卒業,学科基盤科目,専門基礎科目,卒業:学科基盤科目:専門基礎科目,34.0,0.0,0.0,0.0,34.0,RE-136,ミクロ経済学,2.0,elective,,学科基盤科目,専門基礎科目,elective_candidate,exact_subarea_match:専門基礎科目,e69aa2716a5d0db78c4241f183a36f63.pdf,pdftotext_line,95,department=環境創生学科; source_page=95
kankyo_sosei,kankyo,環境学部,環境創生学科,卒業,学科基盤科目,専門基礎科目,卒業:学科基盤科目:専門基礎科目,34.0,0.0,0.0,0.0,34.0,RE-141,プログラミング演習(a),1.0,elective,,学科基盤科目,専門基礎科目,elective_candidate,exact_subarea_match:専門基礎科目,e69aa2716a5d0db78c4241f183a36f63.pdf,pdftotext_line,95,department=環境創生学科; source_page=95
kankyo_sosei,kankyo,環境学部,環境創生学科,卒業,学科基盤科目,専門基礎科目,卒業:学科基盤科目:専門基礎科目,34.0,0.0,0.0,0.0,34.0,RE-145,プログラミング演習(b),1.0,elective,,学科基盤科目,専門基礎科目,elective_candidate,exact_subarea_match:専門基礎科目,e69aa2716a5d0db78c4241f183a36f63.pdf,pdftotext_line,95,department=環境創生学科; source_page=95
kankyo_sosei,kankyo,環境学部,環境創生学科,卒業,学科基盤科目,専門基礎科目,卒業:学科基盤科目:専門基礎科目,34.0,0.0,0.0,0.0,34.0,RE-138,環境倫理,2.0,elective,,学科基盤科目,専門基礎科目,elective_candidate,exact_subarea_match:専門基礎科目,e69aa2716a5d0db78c4241f183a36f63.pdf,pdftotext_line,95,department=環境創生学科; source_page=95
kankyo_sosei,kankyo,環境学部,環境創生学科,卒業,学科基盤科目,専門基礎科目,卒業:学科基盤科目:専門基礎科目,34.0,0.0,0.0,0.0,34.0,RE-139,持続可能な消費,2.0,elective,,学科基盤科目,専門基礎科目,elective_candidate,exact_subarea_match:専門基礎科目,e69aa2716a5d0db78c4241f183a36f63.pdf,pdftotext_line,95,department=環境創生学科; source_page=95
kankyo_sosei,kankyo,環境学部,環境創生学科,卒業,学科基盤科目,専門基礎科目,卒業:学科基盤科目:専門基礎科目,34.0,0.0,0.0,0.0,34.0,RE-13A,環境統計学,2.0,elective,※MS,学科基盤科目,専門基礎科目,elective_candidate,exact_subarea_match:専門基礎科目,e69aa2716a5d0db78c4241f183a36f63.pdf,pdftotext_line,95,department=環境創生学科; source_page=95
kankyo_sosei,kankyo,環境学部,環境創生学科,卒業,学科基盤科目,専門基礎科目,卒業:学科基盤科目:専門基礎科目,34.0,0.0,0.0,0.0,34.0,RE-144,海外現地調査演習,3.0,elective,,学科基盤科目,専門基礎科目,elective_candidate,exact_subarea_match:専門基礎科目,e69aa2716a5d0db78c4241f183a36f63.pdf,pdftotext_line,95,department=環境創生学科; source_page=95
kankyo_sosei,kankyo,環境学部,環境創生学科,卒業,学科基盤科目,専門基礎科目,卒業:学科基盤科目:専門基礎科目,34.0,0.0,0.0,0.0,34.0,RE-13B,公共経済学,2.0,elective,,学科基盤科目,専門基礎科目,elective_candidate,exact_subarea_match:専門基礎科目,e69aa2716a5d0db78c4241f183a36f63.pdf,pdftotext_line,95,department=環境創生学科; source_page=95
kankyo_sosei,kankyo,環境学部,環境創生学科,卒業,学科基盤科目,専門基礎科目,卒業:学科基盤科目:専門基礎科目,34.0,0.0,0.0,0.0,34.0,RE-142,情報セキュリティ,2.0,elective,,学科基盤科目,専門基礎科目,elective_candidate,exact_subarea_match:専門基礎科目,e69aa2716a5d0db78c4241f183a36f63.pdf,pdftotext_line,95,department=環境創生学科; source_page=95
kankyo_sosei,kankyo,環境学部,環境創生学科,卒業,学科基盤科目,専門基礎科目,卒業:学科基盤科目:専門基礎科目,34.0,0.0,0.0,0.0,34.0,RE-12B,質的データ分析法,2.0,elective,,学科基盤科目,専門基礎科目,elective_candidate,exact_subarea_match:専門基礎科目,e69aa2716a5d0db78c4241f183a36f63.pdf,pdftotext_line,95,department=環境創生学科; source_page=95
kankyo_sosei,kankyo,環境学部,環境創生学科,卒業,学科基盤科目,専門基礎科目,卒業:学科基盤科目:専門基礎科目,34.0,0.0,0.0,0.0,34.0,RE-122,画像処理技法,2.0,elective,,学科基盤科目,専門基礎科目,elective_candidate,exact_subarea_match:専門基礎科目,e69aa2716a5d0db78c4241f183a36f63.pdf,pdftotext_line,95,department=環境創生学科; source_page=95
kankyo_sosei,kankyo,環境学部,環境創生学科,卒業,学科基盤科目,専門基礎科目,卒業:学科基盤科目:専門基礎科目,34.0,0.0,0.0,0.0,34.0,RE-13D,環境教育,2.0,elective,,学科基盤科目,専門基礎科目,elective_candidate,exact_subarea_match:専門基礎科目,e69aa2716a5d0db78c4241f183a36f63.pdf,pdftotext_line,95,department=環境創生学科; source_page=95
kankyo_sosei,kankyo,環境学部,環境創生学科,卒業,学科基盤科目,専門基礎科目,卒業:学科基盤科目:専門基礎科目,34.0,0.0,0.0,0.0,34.0,RE-13E,エネルギーと社会,2.0,elective,,学科基盤科目,専門基礎科目,elective_candidate,exact_subarea_match:専門基礎科目,e69aa2716a5d0db78c4241f183a36f63.pdf,pdftotext_line,95,department=環境創生学科; source_page=95
kankyo_sosei,kankyo,環境学部,環境創生学科,卒業,学科基盤科目,専門基礎科目,卒業:学科基盤科目:専門基礎科目,34.0,0.0,0.0,0.0,34.0,RE-123,地理情報システム,2.0,required,○,学科基盤科目,専門基礎科目,required_course,exact_subarea_match:専門基礎科目,e69aa2716a5d0db78c4241f183a36f63.pdf,pdftotext_line,95,department=環境創生学科; source_page=95
kankyo_sosei,kankyo,環境学部,環境創生学科,卒業,学科基盤科目,専門基礎科目,卒業:学科基盤科目:専門基礎科目,34.0,0.0,0.0,0.0,34.0,RE-13G,持続可能な食料システム,2.0,elective,,学科基盤科目,専門基礎科目,elective_candidate,exact_subarea_match:専門基礎科目,e69aa2716a5d0db78c4241f183a36f63.pdf,pdftotext_line,95,department=環境創生学科; source_page=95
kankyo_sosei,kankyo,環境学部,環境創生学科,卒業,学科基盤科目,専門基礎科目,卒業:学科基盤科目:専門基礎科目,34.0,0.0,0.0,0.0,34.0,RE-124,環境アセスメント概論,2.0,elective,,学科基盤科目,専門基礎科目,elective_candidate,exact_subarea_match:専門基礎科目,e69aa2716a5d0db78c4241f183a36f63.pdf,pdftotext_line,95,department=環境創生学科; source_page=95
kankyo_sosei,kankyo,環境学部,環境創生学科,卒業,学科基盤科目,専門基礎科目,卒業:学科基盤科目:専門基礎科目,34.0,0.0,0.0,0.0,34.0,RE-143,キャリアデザイン,2.0,elective,,学科基盤科目,専門基礎科目,elective_candidate,exact_subarea_match:専門基礎科目,e69aa2716a5d0db78c4241f183a36f63.pdf,pdftotext_line,95,department=環境創生学科; source_page=95
kankyo_sosei,kankyo,環境学部,環境創生学科,卒業,学科基盤科目,専門基礎科目,卒業:学科基盤科目:専門基礎科目,34.0,0.0,0.0,0.0,34.0,RE-125,環境計量学,2.0,elective,,学科基盤科目,専門基礎科目,elective_candidate,exact_subarea_match:専門基礎科目,e69aa2716a5d0db78c4241f183a36f63.pdf,pdftotext_line,95,department=環境創生学科; source_page=95
kankyo_sosei,kankyo,環境学部,環境創生学科,卒業,学科基盤科目,専門基礎科目,卒業:学科基盤科目:専門基礎科目,34.0,0.0,0.0,0.0,34.0,RE-13H,ＮＰＯとソーシャルビジネス,2.0,elective,,学科基盤科目,専門基礎科目,elective_candidate,exact_subarea_match:専門基礎科目,e69aa2716a5d0db78c4241f183a36f63.pdf,pdftotext_line,95,department=環境創生学科; source_page=95
kankyo_sosei,kankyo,環境学部,環境創生学科,卒業,学科基盤科目,専門基礎科目,卒業:学科基盤科目:専門基礎科目,34.0,0.0,0.0,0.0,34.0,RE-126,都市気候論,2.0,elective,,学科基盤科目,専門基礎科目,elective_candidate,exact_subarea_match:専門基礎科目,e69aa2716a5d0db78c4241f183a36f63.pdf,pdftotext_line,95,department=環境創生学科; source_page=95
kankyo_sosei,kankyo,環境学部,環境創生学科,卒業,学科基盤科目,専門基礎科目,卒業:学科基盤科目:専門基礎科目,34.0,0.0,0.0,0.0,34.0,RE-127,環境情報可視化技法,2.0,elective,,学科基盤科目,専門基礎科目,elective_candidate,exact_subarea_match:専門基礎科目,e69aa2716a5d0db78c4241f183a36f63.pdf,pdftotext_line,95,department=環境創生学科; source_page=95
kankyo_sosei,kankyo,環境学部,環境創生学科,卒業,学科基盤科目,専門基礎科目,卒業:学科基盤科目:専門基礎科目,34.0,0.0,0.0,0.0,34.0,RE-101,SD PBL(1),1.0,required,○,学科基盤科目,専門基礎科目,required_course,exact_subarea_match:専門基礎科目,e69aa2716a5d0db78c4241f183a36f63.pdf,pdftotext_line,95,department=環境創生学科; source_page=95
kankyo_sosei,kankyo,環境学部,環境創生学科,卒業,学科基盤科目,専門基礎科目,卒業:学科基盤科目:専門基礎科目,34.0,0.0,0.0,0.0,34.0,RE-201,SD PBL(2),2.0,required,○,学科基盤科目,専門基礎科目,required_course,exact_subarea_match:専門基礎科目,e69aa2716a5d0db78c4241f183a36f63.pdf,pdftotext_line,95,department=環境創生学科; source_page=95
kankyo_sosei,kankyo,環境学部,環境創生学科,卒業,学科基盤科目,専門基礎科目,卒業:学科基盤科目:専門基礎科目,34.0,0.0,0.0,0.0,34.0,RE-252,都市環境学概論,2.0,required,○,学科基盤科目,専門基礎科目,required_course,exact_subarea_match:専門基礎科目,e69aa2716a5d0db78c4241f183a36f63.pdf,pdftotext_line,95,department=環境創生学科; source_page=95
kankyo_sosei,kankyo,環境学部,環境創生学科,卒業,学科基盤科目,専門基礎科目,卒業:学科基盤科目:専門基礎科目,34.0,0.0,0.0,0.0,34.0,RE-271,環境地理,2.0,elective,,学科基盤科目,専門基礎科目,elective_candidate,exact_subarea_match:専門基礎科目,e69aa2716a5d0db78c4241f183a36f63.pdf,pdftotext_line,95,department=環境創生学科; source_page=95
kankyo_sosei,kankyo,環境学部,環境創生学科,卒業,学科基盤科目,専門基礎科目,卒業:学科基盤科目:専門基礎科目,34.0,0.0,0.0,0.0,34.0,RE-261,生物分類学,2.0,elective,,学科基盤科目,専門基礎科目,elective_candidate,exact_subarea_match:専門基礎科目,e69aa2716a5d0db78c4241f183a36f63.pdf,pdftotext_line,95,department=環境創生学科; source_page=95
kankyo_sosei,kankyo,環境学部,環境創生学科,卒業,学科基盤科目,専門基礎科目,卒業:学科基盤科目:専門基礎科目,34.0,0.0,0.0,0.0,34.0,RE-254,環境数理学入門,2.0,required,○ ※MS,学科基盤科目,専門基礎科目,required_course,exact_subarea_match:専門基礎科目,e69aa2716a5d0db78c4241f183a36f63.pdf,pdftotext_line,95,department=環境創生学科; source_page=95
kankyo_sosei,kankyo,環境学部,環境創生学科,卒業,学科基盤科目,専門基礎科目,卒業:学科基盤科目:専門基礎科目,34.0,0.0,0.0,0.0,34.0,RE-255,生態学概論,2.0,required,○,学科基盤科目,専門基礎科目,required_course,exact_subarea_match:専門基礎科目,e69aa2716a5d0db78c4241f183a36f63.pdf,pdftotext_line,95,department=環境創生学科; source_page=95
kankyo_sosei,kankyo,環境学部,環境創生学科,卒業,学科基盤科目,専門基礎科目,卒業:学科基盤科目:専門基礎科目,34.0,0.0,0.0,0.0,34.0,RE-262,図化表現技法,2.0,elective,,学科基盤科目,専門基礎科目,elective_candidate,exact_subarea_match:専門基礎科目,e69aa2716a5d0db78c4241f183a36f63.pdf,pdftotext_line,95,department=環境創生学科; source_page=95
kankyo_sosei,kankyo,環境学部,環境創生学科,卒業,学科基盤科目,専門基礎科目,卒業:学科基盤科目:専門基礎科目,34.0,0.0,0.0,0.0,34.0,RE-256,建築環境学,2.0,required,○,学科基盤科目,専門基礎科目,required_course,exact_subarea_match:専門基礎科目,e69aa2716a5d0db78c4241f183a36f63.pdf,pdftotext_line,95,department=環境創生学科; source_page=95
kankyo_sosei,kankyo,環境学部,環境創生学科,卒業,学科基盤科目,専門基礎科目,卒業:学科基盤科目:専門基礎科目,34.0,0.0,0.0,0.0,34.0,RE-257,ランドスケープ論,2.0,required,○,学科基盤科目,専門基礎科目,required_course,exact_subarea_match:専門基礎科目,e69aa2716a5d0db78c4241f183a36f63.pdf,pdftotext_line,95,department=環境創生学科; source_page=95
kankyo_sosei,kankyo,環境学部,環境創生学科,卒業,学科基盤科目,専門基礎科目,卒業:学科基盤科目:専門基礎科目,34.0,0.0,0.0,0.0,34.0,RE-263,環境化学,2.0,elective,,学科基盤科目,専門基礎科目,elective_candidate,exact_subarea_match:専門基礎科目,e69aa2716a5d0db78c4241f183a36f63.pdf,pdftotext_line,95,department=環境創生学科; source_page=95
kankyo_sosei,kankyo,環境学部,環境創生学科,卒業,学科基盤科目,専門基礎科目,卒業:学科基盤科目:専門基礎科目,34.0,0.0,0.0,0.0,34.0,RE-264,測量学,2.0,elective,,学科基盤科目,専門基礎科目,elective_candidate,exact_subarea_match:専門基礎科目,e69aa2716a5d0db78c4241f183a36f63.pdf,pdftotext_line,95,department=環境創生学科; source_page=95
kankyo_sosei,kankyo,環境学部,環境創生学科,卒業,学科基盤科目,専門基礎科目,卒業:学科基盤科目:専門基礎科目,34.0,0.0,0.0,0.0,34.0,RE-272,環境法概論,2.0,elective,,学科基盤科目,専門基礎科目,elective_candidate,exact_subarea_match:専門基礎科目,e69aa2716a5d0db78c4241f183a36f63.pdf,pdftotext_line,95,department=環境創生学科; source_page=95
kankyo_sosei,kankyo,環境学部,環境創生学科,卒業,学科基盤科目,専門基礎科目,卒業:学科基盤科目:専門基礎科目,34.0,0.0,0.0,0.0,34.0,RE-265,測量学実習,2.0,elective,,学科基盤科目,専門基礎科目,elective_candidate,exact_subarea_match:専門基礎科目,e69aa2716a5d0db78c4241f183a36f63.pdf,pdftotext_line,95,department=環境創生学科; source_page=95
kankyo_sosei,kankyo,環境学部,環境創生学科,卒業,学科基盤科目,専門基礎科目,卒業:学科基盤科目:専門基礎科目,34.0,0.0,0.0,0.0,34.0,RE-277,図面・模型作成演習,2.0,elective,,学科基盤科目,専門基礎科目,elective_candidate,exact_subarea_match:専門基礎科目,e69aa2716a5d0db78c4241f183a36f63.pdf,pdftotext_line,95,department=環境創生学科; source_page=95
kankyo_sosei,kankyo,環境学部,環境創生学科,卒業,学科基盤科目,専門基礎科目,卒業:学科基盤科目:専門基礎科目,34.0,0.0,0.0,0.0,34.0,RE-273,環境都市計画学,2.0,elective,,学科基盤科目,専門基礎科目,elective_candidate,exact_subarea_match:専門基礎科目,e69aa2716a5d0db78c4241f183a36f63.pdf,pdftotext_line,95,department=環境創生学科; source_page=95
kankyo_sosei,kankyo,環境学部,環境創生学科,卒業,学科基盤科目,専門基礎科目,卒業:学科基盤科目:専門基礎科目,34.0,0.0,0.0,0.0,34.0,RE-266,生態環境実習,2.0,elective,*,学科基盤科目,専門基礎科目,elective_candidate,exact_subarea_match:専門基礎科目,e69aa2716a5d0db78c4241f183a36f63.pdf,pdftotext_line,95,department=環境創生学科; source_page=95
kankyo_sosei,kankyo,環境学部,環境創生学科,卒業,学科基盤科目,専門基礎科目,卒業:学科基盤科目:専門基礎科目,34.0,0.0,0.0,0.0,34.0,RE-267,CAD基礎演習,2.0,elective,,学科基盤科目,専門基礎科目,elective_candidate,exact_subarea_match:専門基礎科目,e69aa2716a5d0db78c4241f183a36f63.pdf,pdftotext_line,95,department=環境創生学科; source_page=95
kankyo_sosei,kankyo,環境学部,環境創生学科,卒業,学科基盤科目,専門基礎科目,卒業:学科基盤科目:専門基礎科目,34.0,0.0,0.0,0.0,34.0,RE-274,都市環境データ分析演習,2.0,elective,※MS,学科基盤科目,専門基礎科目,elective_candidate,exact_subarea_match:専門基礎科目,e69aa2716a5d0db78c4241f183a36f63.pdf,pdftotext_line,95,department=環境創生学科; source_page=95
kankyo_sosei,kankyo,環境学部,環境創生学科,卒業,学科基盤科目,専門基礎科目,卒業:学科基盤科目:専門基礎科目,34.0,0.0,0.0,0.0,34.0,RE-275,環境都市関連法(1),2.0,elective,,学科基盤科目,専門基礎科目,elective_candidate,exact_subarea_match:専門基礎科目,e69aa2716a5d0db78c4241f183a36f63.pdf,pdftotext_line,95,department=環境創生学科; source_page=95
kankyo_sosei,kankyo,環境学部,環境創生学科,卒業,学科基盤科目,専門基礎科目,卒業:学科基盤科目:専門基礎科目,34.0,0.0,0.0,0.0,34.0,RE-276,環境都市関連法(2),2.0,elective,,学科基盤科目,専門基礎科目,elective_candidate,exact_subarea_match:専門基礎科目,e69aa2716a5d0db78c4241f183a36f63.pdf,pdftotext_line,95,department=環境創生学科; source_page=95
kankyo_sosei,kankyo,環境学部,環境創生学科,卒業,学科専門科目,専門科目,卒業:学科専門科目:専門科目,60.0,0.0,0.0,0.0,60.0,RE-301,SD PBL(3),1.0,required,○,学科専門科目,専門科目,required_course,exact_subarea_match:専門科目,e69aa2716a5d0db78c4241f183a36f63.pdf,pdftotext_line,95,department=環境創生学科; source_page=95
kankyo_sosei,kankyo,環境学部,環境創生学科,卒業,学科専門科目,専門科目,卒業:学科専門科目:専門科目,60.0,0.0,0.0,0.0,60.0,RE-381,環境緑地学,2.0,elective,,学科専門科目,専門科目,elective_candidate,exact_subarea_match:専門科目,e69aa2716a5d0db78c4241f183a36f63.pdf,pdftotext_line,95,department=環境創生学科; source_page=95
kankyo_sosei,kankyo,環境学部,環境創生学科,卒業,学科専門科目,専門科目,卒業:学科専門科目:専門科目,60.0,0.0,0.0,0.0,60.0,RE-382,環境分析演習,2.0,elective,,学科専門科目,専門科目,elective_candidate,exact_subarea_match:専門科目,e69aa2716a5d0db78c4241f183a36f63.pdf,pdftotext_line,95,department=環境創生学科; source_page=95
kankyo_sosei,kankyo,環境学部,環境創生学科,卒業,学科専門科目,専門科目,卒業:学科専門科目:専門科目,60.0,0.0,0.0,0.0,60.0,RE-383,態科,2.0,elective,,学科専門科目,専門科目,elective_candidate,exact_subarea_match:専門科目,e69aa2716a5d0db78c4241f183a36f63.pdf,pdftotext_line,95,department=環境創生学科; source_page=95
kankyo_sosei,kankyo,環境学部,環境創生学科,卒業,学科専門科目,専門科目,卒業:学科専門科目:専門科目,60.0,0.0,0.0,0.0,60.0,RE-384,境門,2.0,elective,,学科専門科目,専門科目,elective_candidate,exact_subarea_match:専門科目,e69aa2716a5d0db78c4241f183a36f63.pdf,pdftotext_line,95,department=環境創生学科; source_page=95
kankyo_sosei,kankyo,環境学部,環境創生学科,卒業,学科専門科目,専門科目,卒業:学科専門科目:専門科目,60.0,0.0,0.0,0.0,60.0,RE-386,）,2.0,elective,,学科専門科目,専門科目,elective_candidate,exact_subarea_match:専門科目,e69aa2716a5d0db78c4241f183a36f63.pdf,pdftotext_line,95,department=環境創生学科; source_page=95
kankyo_sosei,kankyo,環境学部,環境創生学科,卒業,学科専門科目,専門科目,卒業:学科専門科目:専門科目,60.0,0.0,0.0,0.0,60.0,RE-387,エコロジカル・プランニング,2.0,elective,,学科専門科目,専門科目,elective_candidate,exact_subarea_match:専門科目,e69aa2716a5d0db78c4241f183a36f63.pdf,pdftotext_line,95,department=環境創生学科; source_page=95
kankyo_sosei,kankyo,環境学部,環境創生学科,卒業,学科専門科目,専門科目,卒業:学科専門科目:専門科目,60.0,0.0,0.0,0.0,60.0,RE-391,建築気候学,2.0,elective,,学科専門科目,専門科目,elective_candidate,exact_subarea_match:専門科目,e69aa2716a5d0db78c4241f183a36f63.pdf,pdftotext_line,95,department=環境創生学科; source_page=95
kankyo_sosei,kankyo,環境学部,環境創生学科,卒業,学科専門科目,専門科目,卒業:学科専門科目:専門科目,60.0,0.0,0.0,0.0,60.0,RE-392,都学,2.0,elective,,学科専門科目,専門科目,elective_candidate,exact_subarea_match:専門科目,e69aa2716a5d0db78c4241f183a36f63.pdf,pdftotext_line,95,department=環境創生学科; source_page=95
kankyo_sosei,kankyo,環境学部,環境創生学科,卒業,学科専門科目,専門科目,卒業:学科専門科目:専門科目,60.0,0.0,0.0,0.0,60.0,RE-393,市科,2.0,elective,,学科専門科目,専門科目,elective_candidate,exact_subarea_match:専門科目,e69aa2716a5d0db78c4241f183a36f63.pdf,pdftotext_line,95,department=環境創生学科; source_page=95
kankyo_sosei,kankyo,環境学部,環境創生学科,卒業,学科専門科目,専門科目,卒業:学科専門科目:専門科目,60.0,0.0,0.0,0.0,60.0,RE-394,境門,2.0,elective,,学科専門科目,専門科目,elective_candidate,exact_subarea_match:専門科目,e69aa2716a5d0db78c4241f183a36f63.pdf,pdftotext_line,95,department=環境創生学科; source_page=95
kankyo_sosei,kankyo,環境学部,環境創生学科,卒業,学科専門科目,専門科目,卒業:学科専門科目:専門科目,60.0,0.0,0.0,0.0,60.0,RE-396,）,2.0,elective,,学科専門科目,専門科目,elective_candidate,exact_subarea_match:専門科目,e69aa2716a5d0db78c4241f183a36f63.pdf,pdftotext_line,95,department=環境創生学科; source_page=95
kankyo_sosei,kankyo,環境学部,環境創生学科,卒業,学科専門科目,専門科目,卒業:学科専門科目:専門科目,60.0,0.0,0.0,0.0,60.0,RE-397,地域環境再生論,2.0,elective,,学科専門科目,専門科目,elective_candidate,exact_subarea_match:専門科目,e69aa2716a5d0db78c4241f183a36f63.pdf,pdftotext_line,95,department=環境創生学科; source_page=95
kankyo_sosei,kankyo,環境学部,環境創生学科,卒業,学科専門科目,専門科目,卒業:学科専門科目:専門科目,60.0,0.0,0.0,0.0,60.0,RE-311,事例研究(1),2.0,required,○,学科専門科目,専門科目,required_course,exact_subarea_match:専門科目,e69aa2716a5d0db78c4241f183a36f63.pdf,pdftotext_line,95,department=環境創生学科; source_page=95
kankyo_sosei,kankyo,環境学部,環境創生学科,卒業,学科専門科目,専門科目,卒業:学科専門科目:専門科目,60.0,0.0,0.0,0.0,60.0,RE-312,事例研究(2),2.0,required,○,学科専門科目,専門科目,required_course,exact_subarea_match:専門科目,e69aa2716a5d0db78c4241f183a36f63.pdf,pdftotext_line,95,department=環境創生学科; source_page=95
kankyo_sosei,kankyo,環境学部,環境創生学科,卒業,学科専門科目,専門科目,卒業:学科専門科目:専門科目,60.0,0.0,0.0,0.0,60.0,RE-411,卒業研究(1),3.0,required,○,学科専門科目,専門科目,required_course,exact_subarea_match:専門科目,e69aa2716a5d0db78c4241f183a36f63.pdf,pdftotext_line,95,department=環境創生学科; source_page=95
kankyo_sosei,kankyo,環境学部,環境創生学科,卒業,学科専門科目,専門科目,卒業:学科専門科目:専門科目,60.0,0.0,0.0,0.0,60.0,RE-412,卒業研究(2),3.0,required,○,学科専門科目,専門科目,required_course,exact_subarea_match:専門科目,e69aa2716a5d0db78c4241f183a36f63.pdf,pdftotext_line,95,department=環境創生学科; source_page=95
